2K001,00:15:C7:AA:D1:A1,-64
2K001,00:15:C7:AA:D1:A4,-63
2K001,00:15:C7:AA:D1:A7,-63
2K001,00:15:C7:AA:D6:61,-77
2K001,00:15:C7:AA:D6:64,-77
2K001,00:15:C7:AA:D6:67,-77
2K001,00:15:C7:AB:06:01,-73
2K001,00:15:C7:AB:06:04,-72
2K001,00:15:C7:AB:06:07,-72
2K001,00:15:C7:AB:5A:87,-81
2K001,00:16:9C:48:EF:E1,-67
2K001,00:16:9C:48:EF:E4,-67
2K001,00:16:9C:48:EF:E7,-67
2K001,00:16:9C:49:28:11,-73
2K001,00:16:9C:49:28:14,-73
2K001,00:16:9C:49:28:17,-73
2K001,00:19:07:8E:36:61,-72
2K001,00:19:07:8E:36:64,-72
2K001,00:19:07:8E:36:67,-72
2K001,9C:4E:20:C9:43:51,-79
2K001,9C:4E:20:C9:43:54,-79
2K001,9C:4E:20:C9:43:57,-78
2K002,00:12:44:B9:1C:D1,-82
2K002,00:12:44:B9:1C:D4,-82
2K002,00:12:44:B9:1C:D7,-82
2K002,00:15:C7:AA:D1:A1,-58
2K002,00:15:C7:AA:D1:A4,-58
2K002,00:15:C7:AA:D1:A7,-57
2K002,00:15:C7:AA:D6:61,-73
2K002,00:15:C7:AA:D6:64,-73
2K002,00:15:C7:AA:D6:67,-73
2K002,00:15:C7:AB:06:01,-78
2K002,00:15:C7:AB:06:04,-78
2K002,00:15:C7:AB:06:07,-78
2K002,00:15:C7:AB:2D:E1,-80
2K002,00:15:C7:AB:2D:E4,-79
2K002,00:15:C7:AB:2D:E7,-79
2K002,00:16:9C:48:EF:E1,-67
2K002,00:16:9C:48:EF:E4,-67
2K002,00:16:9C:48:EF:E7,-67
2K002,00:16:9C:49:28:11,-71
2K002,00:16:9C:49:28:14,-71
2K002,00:16:9C:49:28:17,-71
2K002,00:19:07:8E:36:61,-78
2K002,00:19:07:8E:36:64,-78
2K002,00:19:07:8E:36:67,-78
2K002,9C:4E:20:C9:43:51,-77
2K002,9C:4E:20:C9:43:54,-77
2K002,9C:4E:20:C9:43:57,-77
2K003,00:12:44:B9:1C:D1,-81
2K003,00:12:44:B9:1C:D4,-81
2K003,00:12:44:B9:1C:D7,-80
2K003,00:15:C7:AA:D1:A1,-51
2K003,00:15:C7:AA:D1:A4,-50
2K003,00:15:C7:AA:D1:A7,-51
2K003,00:15:C7:AA:D5:31,-81
2K003,00:15:C7:AA:D5:34,-80
2K003,00:15:C7:AA:D5:37,-81
2K003,00:15:C7:AA:D6:61,-74
2K003,00:15:C7:AA:D6:64,-74
2K003,00:15:C7:AA:D6:67,-74
2K003,00:15:C7:AA:E3:81,-81
2K003,00:15:C7:AA:E3:84,-81
2K003,00:15:C7:AA:E3:87,-81
2K003,00:15:C7:AB:04:21,-79
2K003,00:15:C7:AB:04:24,-79
2K003,00:15:C7:AB:04:27,-79
2K003,00:15:C7:AB:06:07,-82
2K003,00:15:C7:AB:06:C1,-81
2K003,00:15:C7:AB:06:C4,-81
2K003,00:15:C7:AB:06:C7,-80
2K003,00:15:C7:AB:2D:E1,-80
2K003,00:15:C7:AB:2D:E4,-80
2K003,00:15:C7:AB:2D:E7,-80
2K003,00:16:9C:48:EF:E1,-69
2K003,00:16:9C:48:EF:E4,-69
2K003,00:16:9C:48:EF:E7,-69
2K003,00:16:9C:49:28:11,-67
2K003,00:16:9C:49:28:14,-66
2K003,00:16:9C:49:28:17,-67
2K003,9C:4E:20:C9:43:51,-80
2K003,9C:4E:20:C9:43:54,-79
2K003,9C:4E:20:C9:43:57,-79
2K004,00:12:44:B9:1C:D1,-75
2K004,00:12:44:B9:1C:D4,-75
2K004,00:12:44:B9:1C:D7,-75
2K004,00:15:C7:AA:D1:A1,-61
2K004,00:15:C7:AA:D1:A4,-61
2K004,00:15:C7:AA:D1:A7,-60
2K004,00:15:C7:AA:D5:31,-77
2K004,00:15:C7:AA:D5:37,-76
2K004,00:15:C7:AA:D6:61,-73
2K004,00:15:C7:AA:D6:64,-73
2K004,00:15:C7:AA:D6:67,-73
2K004,00:15:C7:AA:E3:81,-76
2K004,00:15:C7:AA:E3:84,-76
2K004,00:15:C7:AA:E3:87,-76
2K004,00:15:C7:AB:04:21,-70
2K004,00:15:C7:AB:04:24,-70
2K004,00:15:C7:AB:04:27,-70
2K004,00:15:C7:AB:06:C1,-74
2K004,00:15:C7:AB:06:C4,-74
2K004,00:15:C7:AB:06:C7,-74
2K004,00:15:C7:AB:2D:E1,-74
2K004,00:15:C7:AB:2D:E4,-74
2K004,00:15:C7:AB:2D:E7,-74
2K004,00:15:C7:AB:38:B4,-77
2K004,00:15:C7:AB:38:B7,-77
2K004,00:16:9C:48:EF:E1,-78
2K004,00:16:9C:48:EF:E4,-78
2K004,00:16:9C:48:EF:E7,-78
2K004,00:16:9C:49:28:11,-71
2K004,00:16:9C:49:28:14,-72
2K004,00:16:9C:49:28:17,-71
2K004,08:17:35:C6:F4:01,-82
2K004,08:17:35:C6:F4:04,-82
2K004,08:17:35:C6:F4:07,-82
2K004,08:1F:F3:B3:EB:41,-81
2K004,08:1F:F3:B3:EB:44,-80
2K004,08:1F:F3:B3:EB:47,-81
2K004,08:1F:F3:E1:98:F1,-82
2K004,08:1F:F3:E1:98:F4,-81
2K004,08:1F:F3:E1:98:F7,-82
2K004,B4:A4:E3:CA:98:84,-82
2K004,B4:A4:E3:CA:98:87,-82
2K005,00:12:44:B9:1C:D1,-83
2K005,00:12:44:B9:1C:D7,-83
2K005,00:15:C7:AA:D1:A1,-41
2K005,00:15:C7:AA:D1:A4,-40
2K005,00:15:C7:AA:D1:A7,-41
2K005,00:15:C7:AA:D5:34,-78
2K005,00:15:C7:AA:D5:37,-77
2K005,00:15:C7:AA:D6:61,-56
2K005,00:15:C7:AA:D6:64,-56
2K005,00:15:C7:AA:D6:67,-57
2K005,00:15:C7:AA:E3:81,-83
2K005,00:15:C7:AA:E3:84,-83
2K005,00:15:C7:AA:E3:87,-83
2K005,00:15:C7:AB:06:C1,-81
2K005,00:15:C7:AB:2D:E1,-83
2K005,00:15:C7:AB:2D:E4,-82
2K005,00:15:C7:AB:2D:E7,-82
2K005,00:15:C7:AB:38:B1,-83
2K005,00:15:C7:AB:38:B4,-83
2K005,00:15:C7:AB:38:B7,-83
2K005,00:16:9C:49:28:11,-57
2K005,00:16:9C:49:28:14,-57
2K005,00:16:9C:49:28:17,-57
2K005,00:19:07:8E:36:61,-81
2K005,00:19:07:8E:36:64,-81
2K005,00:19:07:8E:36:67,-81
2K005,9C:4E:20:C9:43:51,-74
2K005,9C:4E:20:C9:43:54,-74
2K005,9C:4E:20:C9:43:57,-74
2K006,00:12:44:B9:1C:D1,-78
2K006,00:12:44:B9:1C:D4,-79
2K006,00:12:44:B9:1C:D7,-79
2K006,00:15:C7:AA:D1:A1,-37
2K006,00:15:C7:AA:D1:A4,-37
2K006,00:15:C7:AA:D1:A7,-37
2K006,00:15:C7:AA:D5:34,-73
2K006,00:15:C7:AA:D5:37,-73
2K006,00:15:C7:AA:D6:61,-52
2K006,00:15:C7:AA:D6:64,-52
2K006,00:15:C7:AA:D6:67,-52
2K006,00:15:C7:AA:E3:81,-80
2K006,00:15:C7:AA:E3:84,-80
2K006,00:15:C7:AA:E3:87,-80
2K006,00:15:C7:AB:04:27,-81
2K006,00:15:C7:AB:06:C1,-81
2K006,00:15:C7:AB:06:C4,-81
2K006,00:15:C7:AB:2D:E1,-80
2K006,00:15:C7:AB:2D:E4,-81
2K006,00:15:C7:AB:2D:E7,-81
2K006,00:15:C7:AB:38:B1,-79
2K006,00:15:C7:AB:38:B4,-79
2K006,00:15:C7:AB:38:B7,-79
2K006,00:16:9C:49:28:11,-56
2K006,00:16:9C:49:28:14,-56
2K006,00:16:9C:49:28:17,-56
2K006,00:1C:0E:43:EB:11,-79
2K006,00:1C:0E:43:EB:14,-79
2K006,9C:4E:20:C9:43:51,-71
2K006,9C:4E:20:C9:43:54,-71
2K006,9C:4E:20:C9:43:57,-71
2K007,00:12:44:B9:1C:D1,-81
2K007,00:12:44:B9:1C:D4,-80
2K007,00:12:44:B9:1C:D7,-80
2K007,00:15:C7:AA:D1:A1,-56
2K007,00:15:C7:AA:D1:A4,-56
2K007,00:15:C7:AA:D1:A7,-56
2K007,00:15:C7:AA:D5:31,-70
2K007,00:15:C7:AA:D5:34,-70
2K007,00:15:C7:AA:D5:37,-70
2K007,00:15:C7:AA:D6:61,-55
2K007,00:15:C7:AA:D6:64,-56
2K007,00:15:C7:AA:D6:67,-56
2K007,00:15:C7:AA:E3:81,-76
2K007,00:15:C7:AA:E3:84,-76
2K007,00:15:C7:AA:E3:87,-76
2K007,00:15:C7:AB:2D:E1,-80
2K007,00:15:C7:AB:2D:E4,-81
2K007,00:15:C7:AB:38:B1,-78
2K007,00:15:C7:AB:38:B4,-78
2K007,00:15:C7:AB:38:B7,-78
2K007,00:16:9C:49:28:11,-61
2K007,00:16:9C:49:28:14,-62
2K007,00:16:9C:49:28:17,-61
2K007,00:19:A9:43:1C:D1,-81
2K007,00:19:A9:43:1C:D7,-81
2K007,00:1C:0E:43:EB:11,-79
2K007,00:1C:0E:43:EB:14,-79
2K007,00:1C:0E:43:EB:17,-79
2K007,9C:4E:20:C9:43:51,-71
2K007,9C:4E:20:C9:43:54,-71
2K007,9C:4E:20:C9:43:57,-71
2K008,00:12:44:B9:1C:D1,-78
2K008,00:12:44:B9:1C:D4,-79
2K008,00:12:44:B9:1C:D7,-79
2K008,00:15:C7:AA:D1:A1,-61
2K008,00:15:C7:AA:D1:A4,-61
2K008,00:15:C7:AA:D1:A7,-61
2K008,00:15:C7:AA:D5:31,-65
2K008,00:15:C7:AA:D5:34,-65
2K008,00:15:C7:AA:D5:37,-65
2K008,00:15:C7:AA:D6:61,-50
2K008,00:15:C7:AA:D6:64,-49
2K008,00:15:C7:AA:D6:67,-50
2K008,00:15:C7:AA:E3:81,-81
2K008,00:15:C7:AA:E3:84,-81
2K008,00:15:C7:AA:E3:87,-81
2K008,00:15:C7:AB:04:21,-82
2K008,00:15:C7:AB:04:24,-82
2K008,00:15:C7:AB:04:27,-82
2K008,00:15:C7:AB:06:C1,-82
2K008,00:15:C7:AB:06:C7,-82
2K008,00:15:C7:AB:2D:E1,-80
2K008,00:15:C7:AB:2D:E4,-79
2K008,00:15:C7:AB:2D:E7,-80
2K008,00:15:C7:AB:38:B1,-75
2K008,00:15:C7:AB:38:B4,-75
2K008,00:15:C7:AB:38:B7,-75
2K008,00:16:9C:49:28:11,-68
2K008,00:16:9C:49:28:14,-68
2K008,00:16:9C:49:28:17,-68
2K008,00:1C:0E:43:EB:17,-80
2K008,9C:4E:20:C9:43:51,-73
2K008,9C:4E:20:C9:43:54,-73
2K008,9C:4E:20:C9:43:57,-73
2K009,00:12:44:B9:1C:D1,-81
2K009,00:12:44:B9:1C:D4,-81
2K009,00:12:44:B9:1C:D7,-81
2K009,00:15:C7:AA:D1:A1,-67
2K009,00:15:C7:AA:D1:A4,-67
2K009,00:15:C7:AA:D1:A7,-67
2K009,00:15:C7:AA:D5:31,-60
2K009,00:15:C7:AA:D5:34,-60
2K009,00:15:C7:AA:D5:37,-60
2K009,00:15:C7:AA:D6:61,-38
2K009,00:15:C7:AA:D6:64,-38
2K009,00:15:C7:AA:D6:67,-38
2K009,00:15:C7:AA:E3:81,-76
2K009,00:15:C7:AA:E3:84,-76
2K009,00:15:C7:AA:E3:87,-76
2K009,00:15:C7:AB:04:21,-82
2K009,00:15:C7:AB:04:24,-82
2K009,00:15:C7:AB:2D:E1,-80
2K009,00:15:C7:AB:2D:E4,-80
2K009,00:15:C7:AB:2D:E7,-80
2K009,00:15:C7:AB:38:B1,-72
2K009,00:15:C7:AB:38:B4,-72
2K009,00:15:C7:AB:38:B7,-72
2K009,00:16:9C:49:28:11,-73
2K009,00:16:9C:49:28:14,-73
2K009,00:16:9C:49:28:17,-73
2K009,00:19:A9:43:1C:D1,-79
2K009,00:19:A9:43:1C:D4,-79
2K009,00:19:A9:43:1C:D7,-79
2K009,00:1C:0E:43:EB:11,-79
2K009,00:1C:0E:43:EB:14,-80
2K009,00:1C:0E:43:EB:17,-80
2K009,9C:4E:20:C9:43:51,-81
2K009,9C:4E:20:C9:43:57,-80
2K010,00:12:44:B9:1C:D1,-82
2K010,00:12:44:B9:1C:D4,-81
2K010,00:12:44:B9:1C:D7,-82
2K010,00:15:C7:AA:D1:A1,-65
2K010,00:15:C7:AA:D1:A4,-65
2K010,00:15:C7:AA:D1:A7,-65
2K010,00:15:C7:AA:D5:31,-67
2K010,00:15:C7:AA:D5:34,-67
2K010,00:15:C7:AA:D5:37,-67
2K010,00:15:C7:AA:D6:61,-50
2K010,00:15:C7:AA:D6:64,-50
2K010,00:15:C7:AA:D6:67,-50
2K010,00:15:C7:AA:E3:81,-71
2K010,00:15:C7:AA:E3:84,-71
2K010,00:15:C7:AA:E3:87,-72
2K010,00:15:C7:AB:04:21,-79
2K010,00:15:C7:AB:04:24,-79
2K010,00:15:C7:AB:04:27,-79
2K010,00:15:C7:AB:2D:E1,-81
2K010,00:15:C7:AB:2D:E4,-81
2K010,00:15:C7:AB:2D:E7,-81
2K010,00:15:C7:AB:38:B4,-60
2K010,00:15:C7:AB:38:B7,-60
2K010,00:16:9C:49:28:11,-77
2K010,00:16:9C:49:28:14,-77
2K010,00:16:9C:49:28:17,-77
2K010,00:1C:0E:43:EB:11,-79
2K010,00:1C:0E:43:EB:14,-79
2K010,00:1C:0E:43:EB:17,-79
2K011,00:15:C7:AA:D1:A1,-75
2K011,00:15:C7:AA:D1:A4,-75
2K011,00:15:C7:AA:D5:31,-72
2K011,00:15:C7:AA:D5:34,-72
2K011,00:15:C7:AA:D5:37,-72
2K011,00:15:C7:AA:D6:61,-59
2K011,00:15:C7:AA:D6:64,-59
2K011,00:15:C7:AA:D6:67,-60
2K011,00:15:C7:AA:E3:81,-70
2K011,00:15:C7:AA:E3:84,-70
2K011,00:15:C7:AA:E3:87,-70
2K011,00:15:C7:AB:04:21,-80
2K011,00:15:C7:AB:04:24,-80
2K011,00:15:C7:AB:04:27,-80
2K011,00:15:C7:AB:2D:E1,-80
2K011,00:15:C7:AB:2D:E4,-79
2K011,00:15:C7:AB:2D:E7,-80
2K011,00:15:C7:AB:38:B1,-62
2K011,00:15:C7:AB:38:B7,-62
2K011,00:16:9C:49:28:11,-78
2K011,00:16:9C:49:28:14,-78
2K011,00:16:9C:49:28:17,-78
2K030,00:12:44:B9:1C:D1,-76
2K030,00:12:44:B9:1C:D4,-76
2K030,00:12:44:B9:1C:D7,-76
2K030,00:15:C7:AA:D1:A1,-76
2K030,00:15:C7:AA:D1:A4,-76
2K030,00:15:C7:AA:D1:A7,-76
2K030,00:15:C7:AA:D5:31,-72
2K030,00:15:C7:AA:D5:34,-72
2K030,00:15:C7:AA:D5:37,-72
2K030,00:15:C7:AA:D6:61,-62
2K030,00:15:C7:AA:D6:64,-62
2K030,00:15:C7:AA:D6:67,-62
2K030,00:15:C7:AA:E3:81,-59
2K030,00:15:C7:AA:E3:84,-59
2K030,00:15:C7:AA:E3:87,-59
2K030,00:15:C7:AB:04:21,-71
2K030,00:15:C7:AB:04:24,-71
2K030,00:15:C7:AB:04:27,-71
2K030,00:15:C7:AB:2D:E1,-73
2K030,00:15:C7:AB:2D:E4,-74
2K030,00:15:C7:AB:2D:E7,-73
2K030,00:15:C7:AB:38:B1,-65
2K030,00:15:C7:AB:38:B4,-65
2K030,00:15:C7:AB:38:B7,-64
2K030,00:16:9C:49:28:11,-74
2K030,00:16:9C:49:28:14,-74
2K030,00:16:9C:49:28:17,-74
3K001,00:15:C7:AA:D1:A1,-80
3K001,00:15:C7:AA:D1:A4,-80
3K001,00:15:C7:AA:D1:A7,-81
3K001,00:15:C7:AA:D5:31,-76
3K001,00:15:C7:AA:D5:34,-76
3K001,00:15:C7:AA:D5:37,-76
3K001,00:15:C7:AB:06:01,-56
3K001,00:15:C7:AB:06:04,-56
3K001,00:15:C7:AB:06:07,-55
3K001,00:15:C7:AB:90:F1,-83
3K001,00:15:C7:AB:90:F4,-83
3K001,00:15:C7:AB:90:F7,-83
3K001,00:16:9C:48:EF:E1,-83
3K001,00:16:9C:48:F1:01,-78
3K001,00:16:9C:48:F1:04,-78
3K001,00:16:9C:48:F1:07,-79
3K001,00:16:9C:49:28:11,-56
3K001,00:16:9C:49:28:14,-56
3K001,00:16:9C:49:28:17,-56
3K002,00:15:C7:AA:D1:A1,-74
3K002,00:15:C7:AA:D1:A4,-73
3K002,00:15:C7:AA:D1:A7,-73
3K002,00:15:C7:AA:D5:31,-73
3K002,00:15:C7:AA:D5:34,-73
3K002,00:15:C7:AA:D5:37,-73
3K002,00:15:C7:AB:06:01,-68
3K002,00:15:C7:AB:06:04,-68
3K002,00:15:C7:AB:06:07,-68
3K002,00:16:9C:48:F1:01,-81
3K002,00:16:9C:48:F1:04,-81
3K002,00:16:9C:48:F1:07,-81
3K002,00:16:9C:49:28:11,-51
3K002,00:16:9C:49:28:14,-50
3K002,00:16:9C:49:28:17,-51
3K003,00:12:44:B9:1C:D7,-81
3K003,00:15:C7:AA:D1:A1,-72
3K003,00:15:C7:AA:D1:A4,-72
3K003,00:15:C7:AA:D1:A7,-72
3K003,00:15:C7:AA:D5:31,-72
3K003,00:15:C7:AA:D5:34,-72
3K003,00:15:C7:AA:D5:37,-72
3K003,00:15:C7:AB:04:21,-81
3K003,00:15:C7:AB:04:24,-81
3K003,00:15:C7:AB:04:27,-81
3K003,00:15:C7:AB:06:04,-62
3K003,00:15:C7:AB:06:07,-62
3K003,00:15:C7:AB:2D:E1,-82
3K003,00:15:C7:AB:2D:E4,-82
3K003,00:15:C7:AB:2D:E7,-82
3K003,00:16:9C:49:28:11,-48
3K003,00:16:9C:49:28:14,-48
3K003,00:16:9C:49:28:17,-48
3K003,00:26:0B:C8:B0:61,-79
3K003,00:26:0B:C8:B0:64,-79
3K003,00:26:0B:C8:B0:67,-79
3K004,00:12:44:B9:1C:D1,-71
3K004,00:12:44:B9:1C:D4,-71
3K004,00:12:44:B9:1C:D7,-71
3K004,00:15:C7:AA:D1:A1,-73
3K004,00:15:C7:AA:D1:A4,-73
3K004,00:15:C7:AA:D1:A7,-73
3K004,00:15:C7:AA:D5:31,-72
3K004,00:15:C7:AA:D5:34,-72
3K004,00:15:C7:AA:D5:37,-72
3K004,00:15:C7:AA:D6:61,-77
3K004,00:15:C7:AA:D6:64,-77
3K004,00:15:C7:AA:D6:67,-77
3K004,00:15:C7:AA:E3:81,-73
3K004,00:15:C7:AA:E3:84,-73
3K004,00:15:C7:AA:E3:87,-73
3K004,00:15:C7:AB:04:21,-66
3K004,00:15:C7:AB:04:24,-66
3K004,00:15:C7:AB:04:27,-66
3K004,00:15:C7:AB:06:01,-76
3K004,00:15:C7:AB:06:04,-76
3K004,00:15:C7:AB:06:07,-76
3K004,00:15:C7:AB:06:C1,-73
3K004,00:15:C7:AB:06:C7,-73
3K004,00:15:C7:AB:2D:E1,-73
3K004,00:15:C7:AB:2D:E4,-73
3K004,00:15:C7:AB:2D:E7,-73
3K004,00:15:C7:AB:38:B1,-77
3K004,00:15:C7:AB:38:B4,-77
3K004,00:15:C7:AB:38:B7,-77
3K004,00:16:9C:49:28:11,-51
3K004,00:16:9C:49:28:14,-51
3K004,00:16:9C:49:28:17,-51
3K005,00:12:44:B9:1C:D1,-82
3K005,00:12:44:B9:1C:D4,-82
3K005,00:12:44:B9:1C:D7,-82
3K005,00:15:C7:AA:D1:A1,-61
3K005,00:15:C7:AA:D1:A4,-60
3K005,00:15:C7:AA:D1:A7,-60
3K005,00:15:C7:AA:D5:31,-61
3K005,00:15:C7:AA:D5:34,-61
3K005,00:15:C7:AA:D5:37,-61
3K005,00:15:C7:AA:D6:61,-81
3K005,00:15:C7:AA:D6:64,-81
3K005,00:15:C7:AA:D6:67,-81
3K005,00:15:C7:AB:04:21,-81
3K005,00:15:C7:AB:04:24,-80
3K005,00:15:C7:AB:04:27,-81
3K005,00:15:C7:AB:06:01,-81
3K005,00:15:C7:AB:06:04,-81
3K005,00:15:C7:AB:06:07,-81
3K005,00:16:9C:48:F1:01,-80
3K005,00:16:9C:48:F1:04,-81
3K005,00:16:9C:48:F1:07,-81
3K005,00:16:9C:49:28:11,-34
3K005,00:16:9C:49:28:14,-34
3K005,00:16:9C:49:28:17,-34
3K005,00:26:0B:C8:B0:61,-72
3K005,00:26:0B:C8:B0:67,-72
3K006,00:12:44:B9:1C:D1,-82
3K006,00:12:44:B9:1C:D4,-82
3K006,00:12:44:B9:1C:D7,-82
3K006,00:15:C7:AA:D1:A1,-71
3K006,00:15:C7:AA:D1:A4,-71
3K006,00:15:C7:AA:D1:A7,-71
3K006,00:15:C7:AA:D5:31,-52
3K006,00:15:C7:AA:D5:34,-52
3K006,00:15:C7:AA:D5:37,-52
3K006,00:15:C7:AA:D6:61,-75
3K006,00:15:C7:AA:D6:64,-75
3K006,00:15:C7:AA:D6:67,-75
3K006,00:15:C7:AB:04:21,-76
3K006,00:15:C7:AB:04:24,-75
3K006,00:15:C7:AB:04:27,-76
3K006,00:16:9C:48:F1:01,-83
3K006,00:16:9C:48:F1:04,-82
3K006,00:16:9C:48:F1:07,-82
3K006,00:16:9C:49:28:11,-43
3K006,00:16:9C:49:28:14,-43
3K006,00:16:9C:49:28:17,-43
3K006,00:26:0B:C8:B0:61,-70
3K006,00:26:0B:C8:B0:64,-69
3K006,00:26:0B:C8:B0:67,-70
3K007,00:15:C7:AA:D1:A1,-75
3K007,00:15:C7:AA:D1:A4,-76
3K007,00:15:C7:AA:D1:A7,-75
3K007,00:15:C7:AA:D5:31,-46
3K007,00:15:C7:AA:D5:34,-46
3K007,00:15:C7:AA:D5:37,-46
3K007,00:15:C7:AA:D6:61,-68
3K007,00:15:C7:AA:D6:64,-68
3K007,00:15:C7:AA:D6:67,-68
3K007,00:15:C7:AB:04:21,-75
3K007,00:15:C7:AB:04:24,-75
3K007,00:15:C7:AB:04:27,-75
3K007,00:16:9C:49:28:11,-50
3K007,00:16:9C:49:28:14,-50
3K007,00:16:9C:49:28:17,-50
3K007,00:26:0B:C8:B0:61,-69
3K007,00:26:0B:C8:B0:64,-68
3K007,00:26:0B:C8:B0:67,-69
3K009,00:15:C7:AA:D1:A1,-79
3K009,00:15:C7:AA:D1:A4,-79
3K009,00:15:C7:AA:D1:A7,-79
3K009,00:15:C7:AA:D5:31,-37
3K009,00:15:C7:AA:D5:34,-37
3K009,00:15:C7:AA:D5:37,-37
3K009,00:15:C7:AA:D6:61,-62
3K009,00:15:C7:AA:D6:64,-62
3K009,00:15:C7:AA:D6:67,-63
3K009,00:15:C7:AB:04:21,-72
3K009,00:15:C7:AB:04:24,-72
3K009,00:15:C7:AB:04:27,-72
3K009,00:15:C7:AB:8F:D1,-81
3K009,00:15:C7:AB:8F:D4,-80
3K009,00:15:C7:AB:8F:D7,-81
3K009,00:16:9C:49:28:11,-52
3K009,00:16:9C:49:28:14,-52
3K009,00:16:9C:49:28:17,-52
3K009,00:26:0B:C8:B0:61,-71
3K009,00:26:0B:C8:B0:64,-72
3K009,00:26:0B:C8:B0:67,-71
3K010,00:12:44:B9:1C:D1,-80
3K010,00:12:44:B9:1C:D4,-79
3K010,00:12:44:B9:1C:D7,-80
3K010,00:15:C7:AA:D5:31,-49
3K010,00:15:C7:AA:D5:34,-49
3K010,00:15:C7:AA:D5:37,-49
3K010,00:15:C7:AA:D6:61,-71
3K010,00:15:C7:AA:D6:64,-71
3K010,00:15:C7:AA:D6:67,-71
3K010,00:15:C7:AB:04:21,-65
3K010,00:15:C7:AB:04:24,-66
3K010,00:15:C7:AB:04:27,-66
3K010,00:15:C7:AB:38:B1,-78
3K010,00:15:C7:AB:38:B4,-78
3K010,00:15:C7:AB:38:B7,-78
3K010,00:16:9C:49:28:11,-64
3K010,00:16:9C:49:28:14,-64
3K010,00:16:9C:49:28:17,-64
3K010,00:26:0B:C8:B0:61,-59
3K010,00:26:0B:C8:B0:64,-58
3K010,00:26:0B:C8:B0:67,-59
3K011,00:12:44:B9:1C:D1,-78
3K011,00:12:44:B9:1C:D4,-78
3K011,00:12:44:B9:1C:D7,-78
3K011,00:15:C7:AA:D1:A1,-77
3K011,00:15:C7:AA:D1:A4,-77
3K011,00:15:C7:AA:D1:A7,-77
3K011,00:15:C7:AA:D5:31,-56
3K011,00:15:C7:AA:D5:34,-56
3K011,00:15:C7:AA:D5:37,-56
3K011,00:15:C7:AA:D6:61,-76
3K011,00:15:C7:AA:D6:64,-76
3K011,00:15:C7:AA:D6:67,-76
3K011,00:15:C7:AA:E3:87,-80
3K011,00:15:C7:AB:04:21,-67
3K011,00:15:C7:AB:04:24,-67
3K011,00:15:C7:AB:04:27,-68
3K011,00:15:C7:AB:38:B1,-78
3K011,00:15:C7:AB:38:B4,-78
3K011,00:15:C7:AB:38:B7,-77
3K011,00:16:9C:49:28:11,-71
3K011,00:16:9C:49:28:14,-71
3K011,00:16:9C:49:28:17,-71
3K011,00:26:0B:C8:B0:64,-75
3K011,00:26:0B:C8:B0:67,-75
3K012,00:12:44:B9:1C:D1,-79
3K012,00:12:44:B9:1C:D4,-78
3K012,00:12:44:B9:1C:D7,-78
3K012,00:15:C7:AA:D5:31,-56
3K012,00:15:C7:AA:D5:34,-56
3K012,00:15:C7:AA:D5:37,-56
3K012,00:15:C7:AA:D6:61,-76
3K012,00:15:C7:AA:D6:64,-76
3K012,00:15:C7:AA:D6:67,-76
3K012,00:15:C7:AB:04:21,-66
3K012,00:15:C7:AB:04:24,-66
3K012,00:15:C7:AB:04:27,-66
3K012,00:16:9C:49:28:11,-62
3K012,00:16:9C:49:28:14,-61
3K012,00:16:9C:49:28:17,-61
3K012,00:26:0B:C8:B0:61,-55
3K012,00:26:0B:C8:B0:64,-56
3K012,00:26:0B:C8:B0:67,-54
3K030,00:12:44:B9:1C:D1,-75
3K030,00:12:44:B9:1C:D4,-75
3K030,00:12:44:B9:1C:D7,-75
3K030,00:15:C7:AA:D1:A1,-77
3K030,00:15:C7:AA:D1:A4,-77
3K030,00:15:C7:AA:D1:A7,-77
3K030,00:15:C7:AA:D5:31,-59
3K030,00:15:C7:AA:D5:34,-59
3K030,00:15:C7:AA:D5:37,-59
3K030,00:15:C7:AA:D6:61,-75
3K030,00:15:C7:AA:D6:64,-75
3K030,00:15:C7:AA:D6:67,-75
3K030,00:15:C7:AA:E3:81,-77
3K030,00:15:C7:AA:E3:84,-77
3K030,00:15:C7:AA:E3:87,-77
3K030,00:15:C7:AB:04:21,-58
3K030,00:15:C7:AB:04:24,-57
3K030,00:15:C7:AB:04:27,-57
3K030,00:15:C7:AB:06:C1,-77
3K030,00:15:C7:AB:06:C4,-76
3K030,00:15:C7:AB:2D:E1,-75
3K030,00:15:C7:AB:2D:E4,-75
3K030,00:15:C7:AB:2D:E7,-75
3K030,00:15:C7:AB:38:B1,-78
3K030,00:15:C7:AB:38:B4,-78
3K030,00:15:C7:AB:38:B7,-78
3K030,00:16:9C:49:28:11,-70
3K030,00:16:9C:49:28:14,-70
3K030,00:16:9C:49:28:17,-70
3K030,00:26:0B:C8:B0:64,-79
3K030,00:26:0B:C8:B0:67,-79
2K012,00:15:C7:AA:D1:A1,-68
2K012,00:15:C7:AA:D1:A4,-69
2K012,00:15:C7:AA:D1:A7,-69
2K012,00:15:C7:AA:D5:31,-75
2K012,00:15:C7:AA:D5:34,-74
2K012,00:15:C7:AA:D5:37,-74
2K012,00:15:C7:AA:D6:61,-57
2K012,00:15:C7:AA:D6:64,-57
2K012,00:15:C7:AA:D6:67,-56
2K012,00:15:C7:AA:E3:81,-65
2K012,00:15:C7:AA:E3:84,-65
2K012,00:15:C7:AA:E3:87,-65
2K012,00:15:C7:AB:04:21,-75
2K012,00:15:C7:AB:04:24,-75
2K012,00:15:C7:AB:04:27,-74
2K012,00:15:C7:AB:2D:E1,-76
2K012,00:15:C7:AB:2D:E4,-76
2K012,00:15:C7:AB:2D:E7,-76
2K012,00:15:C7:AB:38:B1,-72
2K012,00:15:C7:AB:38:B4,-72
2K012,00:15:C7:AB:38:B7,-71
2K012,00:16:9C:49:28:11,-78
2K012,00:16:9C:49:28:14,-78
2K012,00:16:9C:49:28:17,-78
2K012,00:1C:0E:43:EB:11,-66
2K012,00:1C:0E:43:EB:14,-66
2K012,00:1C:0E:43:EB:17,-66
2K012,00:26:0B:C8:B0:61,-72
2K012,00:26:0B:C8:B0:64,-72
2K012,00:26:0B:C8:B0:67,-72
2K013,00:15:C7:AA:D1:A1,-68
2K013,00:15:C7:AA:D1:A4,-68
2K013,00:15:C7:AA:D1:A7,-68
2K013,00:15:C7:AA:D5:31,-76
2K013,00:15:C7:AA:D5:34,-77
2K013,00:15:C7:AA:D5:37,-77
2K013,00:15:C7:AA:D6:61,-63
2K013,00:15:C7:AA:D6:64,-63
2K013,00:15:C7:AA:D6:67,-63
2K013,00:15:C7:AA:E3:81,-63
2K013,00:15:C7:AA:E3:84,-63
2K013,00:15:C7:AA:E3:87,-63
2K013,00:15:C7:AB:04:21,-73
2K013,00:15:C7:AB:04:24,-73
2K013,00:15:C7:AB:04:27,-72
2K013,00:15:C7:AB:2D:E1,-73
2K013,00:15:C7:AB:2D:E4,-73
2K013,00:15:C7:AB:2D:E7,-73
2K013,00:15:C7:AB:38:B1,-75
2K013,00:15:C7:AB:38:B4,-75
2K013,00:15:C7:AB:38:B7,-75
2K013,00:1C:0E:43:EB:11,-61
2K013,00:1C:0E:43:EB:14,-61
2K013,00:1C:0E:43:EB:17,-61
2K013,00:26:0B:C8:B0:61,-71
2K013,00:26:0B:C8:B0:64,-71
2K013,00:26:0B:C8:B0:67,-71
2K014,00:15:C7:AA:D1:A1,-74
2K014,00:15:C7:AA:D1:A4,-75
2K014,00:15:C7:AA:D1:A7,-74
2K014,00:15:C7:AA:D6:61,-65
2K014,00:15:C7:AA:D6:64,-65
2K014,00:15:C7:AA:D6:67,-65
2K014,00:15:C7:AA:E3:81,-64
2K014,00:15:C7:AA:E3:84,-64
2K014,00:15:C7:AA:E3:87,-63
2K014,00:15:C7:AA:E7:B1,-78
2K014,00:15:C7:AA:E7:B4,-78
2K014,00:15:C7:AA:E7:B7,-78
2K014,00:15:C7:AB:04:21,-76
2K014,00:15:C7:AB:04:24,-76
2K014,00:15:C7:AB:04:27,-75
2K014,00:15:C7:AB:2D:E7,-76
2K014,00:15:C7:AB:5B:31,-67
2K014,00:15:C7:AB:5B:37,-67
2K014,00:1C:0E:43:EB:11,-38
2K014,00:1C:0E:43:EB:14,-38
2K014,00:1C:0E:43:EB:17,-38
2K014,00:1F:CA:51:54:01,-64
2K014,00:1F:CA:51:54:04,-64
2K014,00:1F:CA:51:54:07,-64
2K014,00:26:0B:C8:B0:61,-62
2K014,00:26:0B:C8:B0:64,-62
2K014,00:26:0B:C8:B0:67,-62
2K015,00:12:44:B9:1C:D1,-75
2K015,00:12:44:B9:1C:D4,-75
2K015,00:12:44:B9:1C:D7,-75
2K015,00:15:C7:AA:D6:61,-76
2K015,00:15:C7:AA:D6:64,-76
2K015,00:15:C7:AA:D6:67,-75
2K015,00:15:C7:AA:E3:81,-39
2K015,00:15:C7:AA:E3:84,-39
2K015,00:15:C7:AA:E3:87,-39
2K015,00:15:C7:AB:04:21,-58
2K015,00:15:C7:AB:04:24,-58
2K015,00:15:C7:AB:04:27,-58
2K015,00:15:C7:AB:2D:E1,-52
2K015,00:15:C7:AB:2D:E4,-52
2K015,00:15:C7:AB:2D:E7,-52
2K015,00:1C:0E:43:EB:11,-73
2K015,00:1C:0E:43:EB:14,-73
2K015,00:1C:0E:43:EB:17,-73
2K015,00:26:0B:C8:B0:61,-78
2K015,00:26:0B:C8:B0:64,-78
2K015,00:26:0B:C8:B0:67,-78
2K015,08:1F:F3:B3:EB:41,-75
2K015,08:1F:F3:B3:EB:44,-75
2K015,08:1F:F3:B3:EB:47,-75
2K016,00:12:44:B9:1C:D1,-76
2K016,00:12:44:B9:1C:D4,-76
2K016,00:12:44:B9:1C:D7,-76
2K016,00:15:C7:AA:D1:A1,-81
2K016,00:15:C7:AA:D1:A4,-81
2K016,00:15:C7:AA:D1:A7,-81
2K016,00:15:C7:AA:D6:61,-81
2K016,00:15:C7:AA:D6:64,-81
2K016,00:15:C7:AA:D6:67,-81
2K016,00:15:C7:AA:E3:81,-51
2K016,00:15:C7:AA:E3:84,-51
2K016,00:15:C7:AA:E3:87,-51
2K016,00:15:C7:AB:04:24,-64
2K016,00:15:C7:AB:04:27,-64
2K016,00:15:C7:AB:2D:E1,-52
2K016,00:15:C7:AB:2D:E4,-52
2K016,00:15:C7:AB:2D:E7,-52
2K016,00:16:9C:49:28:14,-81
2K016,00:1C:0E:43:EB:11,-74
2K016,00:1C:0E:43:EB:14,-75
2K016,00:1C:0E:43:EB:17,-75
2K016,08:1F:F3:B3:EB:41,-73
2K016,08:1F:F3:B3:EB:44,-73
2K016,08:1F:F3:B3:EB:47,-73
2K017,00:12:44:B9:1C:D1,-69
2K017,00:12:44:B9:1C:D4,-69
2K017,00:12:44:B9:1C:D7,-69
2K017,00:15:C7:AA:D1:A1,-80
2K017,00:15:C7:AA:D1:A4,-80
2K017,00:15:C7:AA:D1:A7,-80
2K017,00:15:C7:AA:D5:31,-78
2K017,00:15:C7:AA:D5:34,-78
2K017,00:15:C7:AA:D5:37,-78
2K017,00:15:C7:AA:E3:81,-57
2K017,00:15:C7:AA:E3:84,-57
2K017,00:15:C7:AA:E3:87,-57
2K017,00:15:C7:AB:04:21,-72
2K017,00:15:C7:AB:04:24,-72
2K017,00:15:C7:AB:04:27,-72
2K017,00:15:C7:AB:2D:E1,-46
2K017,00:15:C7:AB:2D:E4,-46
2K017,00:15:C7:AB:2D:E7,-46
2K017,00:16:9C:49:28:11,-73
2K017,00:16:9C:49:28:14,-73
2K017,00:16:9C:49:28:17,-74
2K017,08:1F:F3:B3:EB:41,-68
2K017,08:1F:F3:B3:EB:44,-69
2K017,08:1F:F3:B3:EB:47,-68
2K017,08:1F:F3:B3:EB:54,-80
2K018,00:12:44:B9:1C:D1,-74
2K018,00:12:44:B9:1C:D4,-74
2K018,00:12:44:B9:1C:D7,-74
2K018,00:15:C7:AA:E3:81,-53
2K018,00:15:C7:AA:E3:84,-53
2K018,00:15:C7:AA:E3:87,-53
2K018,00:15:C7:AB:04:21,-70
2K018,00:15:C7:AB:04:24,-70
2K018,00:15:C7:AB:04:27,-70
2K018,00:15:C7:AB:2D:E1,-56
2K018,00:15:C7:AB:2D:E4,-56
2K018,00:15:C7:AB:2D:E7,-56
2K018,00:16:9C:49:28:11,-79
2K018,00:16:9C:49:28:14,-79
2K018,00:16:9C:49:28:17,-80
2K018,00:1C:0E:43:EB:11,-72
2K018,00:1C:0E:43:EB:14,-72
2K018,00:1C:0E:43:EB:17,-72
2K018,08:1F:F3:B3:EB:41,-72
2K018,08:1F:F3:B3:EB:44,-72
2K018,08:1F:F3:B3:EB:47,-72
2K018,08:1F:F3:B3:EB:51,-80
2K018,08:1F:F3:B3:EB:54,-80
2K018,08:1F:F3:B3:EB:57,-80
2K019,00:12:44:B9:1C:D1,-63
2K019,00:12:44:B9:1C:D4,-63
2K019,00:12:44:B9:1C:D7,-64
2K019,00:15:C7:AA:D5:31,-79
2K019,00:15:C7:AA:D5:34,-79
2K019,00:15:C7:AA:D5:37,-79
2K019,00:15:C7:AA:E3:84,-68
2K019,00:15:C7:AA:E3:87,-68
2K019,00:15:C7:AB:04:21,-71
2K019,00:15:C7:AB:04:24,-71
2K019,00:15:C7:AB:04:27,-71
2K019,00:15:C7:AB:2D:E1,-37
2K019,00:15:C7:AB:2D:E4,-37
2K019,00:15:C7:AB:2D:E7,-37
2K019,00:16:9C:49:28:11,-69
2K019,00:16:9C:49:28:14,-69
2K019,00:16:9C:49:28:17,-69
2K019,08:1F:F3:B3:EB:41,-76
2K019,08:1F:F3:B3:EB:44,-76
2K019,08:1F:F3:B3:EB:47,-76
2K019,08:1F:F3:B3:EB:51,-77
2K019,08:1F:F3:B3:EB:54,-77
2K019,08:1F:F3:B3:EB:57,-78
2K019,08:1F:F3:E1:98:F1,-79
2K019,08:1F:F3:E1:98:F4,-79
2K019,08:1F:F3:E1:98:F7,-79
2K020,00:12:44:B9:1C:D1,-63
2K020,00:12:44:B9:1C:D4,-64
2K020,00:12:44:B9:1C:D7,-63
2K020,00:15:C7:AA:D1:A1,-80
2K020,00:15:C7:AA:D1:A4,-80
2K020,00:15:C7:AA:D1:A7,-80
2K020,00:15:C7:AA:D5:31,-80
2K020,00:15:C7:AA:D5:34,-80
2K020,00:15:C7:AA:D5:37,-80
2K020,00:15:C7:AA:D6:61,-82
2K020,00:15:C7:AA:D6:64,-82
2K020,00:15:C7:AA:D6:67,-81
2K020,00:15:C7:AA:E3:87,-67
2K020,00:15:C7:AB:04:21,-79
2K020,00:15:C7:AB:04:24,-78
2K020,00:15:C7:AB:04:27,-79
2K020,00:15:C7:AB:2D:E1,-51
2K020,00:15:C7:AB:2D:E4,-50
2K020,00:15:C7:AB:2D:E7,-50
2K020,00:16:9C:49:28:11,-79
2K020,00:16:9C:49:28:14,-79
2K020,00:16:9C:49:28:17,-78
2K020,08:1F:F3:B3:EB:41,-80
2K020,08:1F:F3:B3:EB:44,-80
2K020,08:1F:F3:B3:EB:47,-80
2K020,08:1F:F3:E1:98:F1,-69
2K020,08:1F:F3:E1:98:F4,-69
2K020,08:1F:F3:E1:98:F7,-69
2K021,00:15:C7:AA:D1:A1,-79
2K021,00:15:C7:AA:D1:A4,-79
2K021,00:15:C7:AA:D1:A7,-79
2K021,00:15:C7:AA:D5:31,-75
2K021,00:15:C7:AA:D5:34,-75
2K021,00:15:C7:AA:D5:37,-75
2K021,00:15:C7:AA:D6:61,-71
2K021,00:15:C7:AA:D6:64,-71
2K021,00:15:C7:AA:D6:67,-71
2K021,00:15:C7:AA:E3:81,-52
2K021,00:15:C7:AA:E3:84,-52
2K021,00:15:C7:AA:E3:87,-52
2K021,00:15:C7:AB:04:21,-70
2K021,00:15:C7:AB:04:24,-70
2K021,00:15:C7:AB:04:27,-69
2K021,00:15:C7:AB:2D:E1,-67
2K021,00:15:C7:AB:2D:E4,-67
2K021,00:15:C7:AB:2D:E7,-67
2K021,00:15:C7:AB:38:B1,-73
2K021,00:15:C7:AB:38:B4,-73
2K021,00:15:C7:AB:38:B7,-72
2K021,00:1C:0E:43:EB:11,-68
2K021,00:1C:0E:43:EB:14,-68
2K021,00:1C:0E:43:EB:17,-68
2K021,00:26:0B:C8:B0:61,-75
2K021,00:26:0B:C8:B0:64,-75
2K021,00:26:0B:C8:B0:67,-75
2K022,00:15:C7:AA:D6:61,-80
2K022,00:15:C7:AA:D6:64,-80
2K022,00:15:C7:AA:D6:67,-80
2K022,00:15:C7:AA:E3:81,-58
2K022,00:15:C7:AA:E3:84,-59
2K022,00:15:C7:AA:E3:87,-59
2K022,00:15:C7:AB:04:21,-71
2K022,00:15:C7:AB:04:24,-71
2K022,00:15:C7:AB:04:27,-70
2K022,00:15:C7:AB:2D:E1,-72
2K022,00:15:C7:AB:2D:E4,-71
2K022,00:15:C7:AB:2D:E7,-72
2K022,00:15:C7:AB:5B:37,-79
2K022,00:1C:0E:43:EB:11,-60
2K022,00:1C:0E:43:EB:14,-60
2K022,00:1C:0E:43:EB:17,-60
2K022,00:1F:CA:51:54:01,-71
2K022,00:1F:CA:51:54:04,-71
2K022,00:1F:CA:51:54:07,-71
2K022,00:26:0B:C8:B0:61,-69
2K022,00:26:0B:C8:B0:64,-69
2K022,00:26:0B:C8:B0:67,-69
2K023,00:12:44:B9:1C:D1,-80
2K023,00:12:44:B9:1C:D4,-80
2K023,00:12:44:B9:1C:D7,-81
2K023,00:15:C7:AA:D6:61,-81
2K023,00:15:C7:AA:D6:64,-81
2K023,00:15:C7:AA:D6:67,-81
2K023,00:15:C7:AA:E3:81,-57
2K023,00:15:C7:AA:E3:84,-57
2K023,00:15:C7:AA:E3:87,-57
2K023,00:15:C7:AB:04:21,-70
2K023,00:15:C7:AB:04:24,-69
2K023,00:15:C7:AB:04:27,-69
2K023,00:15:C7:AB:2D:E1,-68
2K023,00:15:C7:AB:2D:E4,-68
2K023,00:15:C7:AB:2D:E7,-68
2K023,00:15:C7:AB:5B:31,-82
2K023,00:15:C7:AB:5B:37,-82
2K023,00:1C:0E:43:EB:11,-56
2K023,00:1C:0E:43:EB:14,-55
2K023,00:1F:CA:51:54:01,-69
2K023,00:1F:CA:51:54:04,-69
2K023,00:1F:CA:51:54:07,-69
2K023,00:26:0B:C8:B0:61,-71
2K023,00:26:0B:C8:B0:64,-72
2K023,00:26:0B:C8:B0:67,-71
2K023,08:1F:F3:B3:EB:41,-81
2K023,08:1F:F3:B3:EB:44,-81
2K023,08:1F:F3:B3:EB:47,-81
2K023,08:1F:F3:B3:EB:51,-80
2K023,08:1F:F3:B3:EB:54,-80
2K023,08:1F:F3:B3:EB:57,-80
2K024,00:12:44:B9:1C:D1,-76
2K024,00:12:44:B9:1C:D4,-76
2K024,00:12:44:B9:1C:D7,-76
2K024,00:15:C7:AA:E3:81,-60
2K024,00:15:C7:AA:E3:84,-60
2K024,00:15:C7:AA:E3:87,-60
2K024,00:15:C7:AB:04:21,-72
2K024,00:15:C7:AB:04:24,-72
2K024,00:15:C7:AB:04:27,-72
2K024,00:15:C7:AB:2D:E1,-57
2K024,00:15:C7:AB:2D:E4,-56
2K024,00:15:C7:AB:2D:E7,-57
2K024,00:1C:0E:43:EB:11,-60
2K024,00:1C:0E:43:EB:14,-60
2K024,00:1C:0E:43:EB:17,-60
2K024,00:1F:CA:51:54:01,-69
2K024,00:1F:CA:51:54:07,-69
2K024,00:26:0B:C8:B0:61,-75
2K024,00:26:0B:C8:B0:64,-75
2K024,00:26:0B:C8:B0:67,-75
2K024,08:1F:F3:B3:EB:41,-77
2K024,08:1F:F3:B3:EB:44,-77
2K024,08:1F:F3:B3:EB:47,-77
2K024,08:1F:F3:B3:EB:51,-76
2K024,08:1F:F3:B3:EB:54,-76
2K024,08:1F:F3:B3:EB:57,-76
2K025,00:12:44:B9:1C:D1,-71
2K025,00:12:44:B9:1C:D4,-71
2K025,00:12:44:B9:1C:D7,-71
2K025,00:15:C7:AA:E3:81,-69
2K025,00:15:C7:AA:E3:84,-68
2K025,00:15:C7:AA:E3:87,-69
2K025,00:15:C7:AB:04:21,-76
2K025,00:15:C7:AB:04:24,-76
2K025,00:15:C7:AB:04:27,-76
2K025,00:15:C7:AB:2D:E1,-55
2K025,00:15:C7:AB:2D:E4,-53
2K025,00:15:C7:AB:2D:E7,-53
2K025,00:1C:0E:43:EB:11,-72
2K025,00:1C:0E:43:EB:14,-72
2K025,00:1C:0E:43:EB:17,-72
2K025,00:1F:CA:51:54:07,-72
2K025,00:26:0B:C8:B0:61,-76
2K025,00:26:0B:C8:B0:64,-76
2K025,00:26:0B:C8:B0:67,-76
2K025,08:1F:F3:B3:EB:41,-79
2K025,08:1F:F3:B3:EB:44,-79
2K025,08:1F:F3:B3:EB:47,-79
2K025,08:1F:F3:B3:EB:51,-69
2K025,08:1F:F3:B3:EB:54,-69
2K025,08:1F:F3:B3:EB:57,-69
2K026,00:12:44:B9:1C:D1,-73
2K026,00:12:44:B9:1C:D4,-74
2K026,00:12:44:B9:1C:D7,-73
2K026,00:15:C7:AA:E3:81,-74
2K026,00:15:C7:AA:E3:84,-74
2K026,00:15:C7:AA:E3:87,-74
2K026,00:15:C7:AB:2D:E1,-59
2K026,00:15:C7:AB:2D:E4,-59
2K026,00:15:C7:AB:2D:E7,-60
2K026,00:1C:0E:43:EB:11,-71
2K026,00:1C:0E:43:EB:14,-70
2K026,00:1C:0E:43:EB:17,-71
2K026,00:1F:CA:51:54:01,-76
2K026,00:1F:CA:51:54:07,-76
2K026,08:1F:F3:B3:EB:51,-69
2K026,08:1F:F3:B3:EB:54,-69
2K026,08:1F:F3:B3:EB:57,-69
2K027,00:12:44:B9:1C:D1,-75
2K027,00:12:44:B9:1C:D4,-75
2K027,00:12:44:B9:1C:D7,-75
2K027,00:15:C7:AA:E3:81,-72
2K027,00:15:C7:AA:E3:84,-72
2K027,00:15:C7:AA:E3:87,-72
2K027,00:15:C7:AB:04:21,-83
2K027,00:15:C7:AB:04:24,-83
2K027,00:15:C7:AB:2D:E1,-64
2K027,00:15:C7:AB:2D:E4,-64
2K027,00:15:C7:AB:2D:E7,-64
2K027,00:1C:0E:43:EB:11,-63
2K027,00:1C:0E:43:EB:14,-63
2K027,00:1C:0E:43:EB:17,-63
2K027,00:1F:CA:51:54:01,-74
2K027,00:1F:CA:51:54:04,-74
2K027,00:1F:CA:51:54:07,-74
2K027,08:1F:F3:B3:EB:41,-82
2K027,08:1F:F3:B3:EB:44,-82
2K027,08:1F:F3:B3:EB:47,-82
2K027,08:1F:F3:B3:EB:51,-74
2K027,08:1F:F3:B3:EB:54,-74
2K027,08:1F:F3:B3:EB:57,-74
2K027,08:1F:F3:E1:98:F1,-79
2K027,08:1F:F3:E1:98:F4,-79
2K027,08:1F:F3:E1:98:F7,-79
2K028,00:12:44:B9:1C:D1,-75
2K028,00:12:44:B9:1C:D4,-75
2K028,00:12:44:B9:1C:D7,-74
2K028,00:15:C7:AA:D1:A1,-83
2K028,00:15:C7:AA:D1:A4,-82
2K028,00:15:C7:AA:D1:A7,-83
2K028,00:15:C7:AA:D5:31,-84
2K028,00:15:C7:AA:D5:34,-84
2K028,00:15:C7:AA:D5:37,-84
2K028,00:15:C7:AA:D6:67,-84
2K028,00:15:C7:AA:E3:81,-76
2K028,00:15:C7:AA:E3:84,-76
2K028,00:15:C7:AA:E3:87,-77
2K028,00:15:C7:AB:2D:E1,-63
2K028,00:15:C7:AB:2D:E4,-63
2K028,00:15:C7:AB:2D:E7,-63
2K028,00:16:9C:49:28:11,-84
2K028,00:16:9C:49:28:14,-83
2K028,00:16:9C:49:28:17,-84
2K028,00:16:9D:E1:55:F0,-83
2K028,00:1C:0E:43:EB:11,-80
2K028,00:1C:0E:43:EB:14,-79
2K028,00:1C:0E:43:EB:17,-79
2K028,08:1F:F3:B3:EB:51,-83
2K028,08:1F:F3:B3:EB:54,-82
2K028,08:1F:F3:B3:EB:57,-82
2K028,08:1F:F3:E1:98:F1,-73
2K028,08:1F:F3:E1:98:F4,-74
2K028,08:1F:F3:E1:98:F7,-73
2K029,00:12:44:B8:B1:A1,-80
2K029,00:12:44:B8:B1:A4,-80
2K029,00:12:44:B8:B1:A7,-80
2K029,00:12:44:B9:1C:D1,-75
2K029,00:12:44:B9:1C:D7,-76
2K029,00:15:C7:AA:D1:A1,-72
2K029,00:15:C7:AA:D1:A4,-72
2K029,00:15:C7:AA:D1:A7,-72
2K029,00:15:C7:AA:D5:31,-74
2K029,00:15:C7:AA:D5:34,-74
2K029,00:15:C7:AA:D5:37,-74
2K029,00:15:C7:AA:D6:61,-77
2K029,00:15:C7:AA:D6:64,-78
2K029,00:15:C7:AA:D6:67,-78
2K029,00:15:C7:AB:04:21,-79
2K029,00:15:C7:AB:04:24,-79
2K029,00:15:C7:AB:04:27,-79
2K029,00:15:C7:AB:06:C1,-82
2K029,00:15:C7:AB:06:C4,-81
2K029,00:15:C7:AB:06:C7,-82
2K029,00:15:C7:AB:2D:E1,-67
2K029,00:15:C7:AB:2D:E4,-67
2K029,00:15:C7:AB:2D:E7,-68
2K029,00:16:9C:49:28:11,-68
2K029,00:16:9C:49:28:14,-68
2K029,00:16:9C:49:28:17,-68
2K029,00:16:9D:E1:55:F0,-82
2K029,00:16:9D:E1:55:F2,-82
2K029,08:1F:F3:E1:98:F1,-73
2K029,08:1F:F3:E1:98:F4,-73
2K029,08:1F:F3:E1:98:F7,-73
2K031,00:15:C7:AA:D1:A1,-67
2K031,00:15:C7:AA:D1:A4,-67
2K031,00:15:C7:AA:D1:A7,-67
2K031,00:15:C7:AA:D5:31,-81
2K031,00:15:C7:AA:D5:34,-81
2K031,00:15:C7:AA:D5:37,-81
2K031,00:15:C7:AA:D6:61,-60
2K031,00:15:C7:AA:D6:64,-60
2K031,00:15:C7:AA:D6:67,-60
2K031,00:15:C7:AA:E3:81,-63
2K031,00:15:C7:AA:E3:84,-63
2K031,00:15:C7:AA:E3:87,-63
2K031,00:15:C7:AB:04:21,-78
2K031,00:15:C7:AB:04:24,-78
2K031,00:15:C7:AB:04:27,-77
2K031,00:15:C7:AB:2D:E1,-76
2K031,00:15:C7:AB:2D:E4,-76
2K031,00:15:C7:AB:2D:E7,-76
2K031,00:15:C7:AB:38:B1,-81
2K031,00:15:C7:AB:38:B4,-81
2K031,00:15:C7:AB:38:B7,-81
2K031,00:15:C7:AB:5B:31,-77
2K031,00:1C:0E:43:EB:11,-53
2K031,00:1C:0E:43:EB:14,-53
2K031,00:1C:0E:43:EB:17,-53
2K031,00:26:0B:C8:B0:61,-69
2K031,00:26:0B:C8:B0:64,-69
2K031,00:26:0B:C8:B0:67,-69
3K008,00:12:44:B9:1C:D1,-81
3K008,00:12:44:B9:1C:D4,-81
3K008,00:12:44:B9:1C:D7,-81
3K008,00:15:C7:AA:D1:A1,-70
3K008,00:15:C7:AA:D1:A4,-70
3K008,00:15:C7:AA:D1:A7,-70
3K008,00:15:C7:AA:D5:31,-53
3K008,00:15:C7:AA:D5:34,-53
3K008,00:15:C7:AA:D5:37,-53
3K008,00:15:C7:AA:D6:61,-78
3K008,00:15:C7:AA:D6:64,-78
3K008,00:15:C7:AA:D6:67,-78
3K008,00:15:C7:AB:04:21,-79
3K008,00:15:C7:AB:04:24,-79
3K008,00:15:C7:AB:04:27,-79
3K008,00:16:9C:48:F1:01,-81
3K008,00:16:9C:48:F1:04,-80
3K008,00:16:9C:48:F1:07,-80
3K008,00:16:9C:49:28:11,-44
3K008,00:16:9C:49:28:14,-43
3K008,00:16:9C:49:28:17,-43
3K008,00:26:0B:C8:B0:61,-70
3K008,00:26:0B:C8:B0:64,-70
3K008,00:26:0B:C8:B0:67,-70
3K013,00:12:44:B9:1C:D1,-71
3K013,00:12:44:B9:1C:D4,-71
3K013,00:12:44:B9:1C:D7,-71
3K013,00:15:C7:AA:D5:31,-62
3K013,00:15:C7:AA:D5:34,-62
3K013,00:15:C7:AA:D5:37,-62
3K013,00:15:C7:AA:D6:61,-81
3K013,00:15:C7:AA:D6:64,-81
3K013,00:15:C7:AA:D6:67,-81
3K013,00:15:C7:AA:E3:81,-78
3K013,00:15:C7:AA:E3:84,-78
3K013,00:15:C7:AA:E3:87,-78
3K013,00:15:C7:AB:04:21,-59
3K013,00:15:C7:AB:04:24,-58
3K013,00:15:C7:AB:04:27,-59
3K013,00:16:9C:49:28:11,-65
3K013,00:16:9C:49:28:14,-65
3K013,00:16:9C:49:28:17,-65
3K013,00:26:0B:C8:B0:61,-49
3K013,00:26:0B:C8:B0:64,-49
3K013,00:26:0B:C8:B0:67,-49
3K014,00:12:44:B9:1C:D1,-76
3K014,00:12:44:B9:1C:D4,-75
3K014,00:12:44:B9:1C:D7,-76
3K014,00:15:C7:AA:D5:31,-64
3K014,00:15:C7:AA:D5:34,-65
3K014,00:15:C7:AA:D5:37,-65
3K014,00:15:C7:AA:E7:B1,-56
3K014,00:15:C7:AA:E7:B4,-56
3K014,00:15:C7:AA:E7:B7,-56
3K014,00:15:C7:AB:04:21,-65
3K014,00:15:C7:AB:04:24,-65
3K014,00:15:C7:AB:04:27,-65
3K014,00:16:9C:49:28:11,-68
3K014,00:16:9C:49:28:14,-68
3K014,00:16:9C:49:28:17,-68
3K014,00:1C:0E:43:EB:11,-68
3K014,00:1C:0E:43:EB:14,-68
3K014,00:1C:0E:43:EB:17,-68
3K014,00:26:0B:C8:B0:61,-43
3K014,00:26:0B:C8:B0:64,-43
3K014,00:26:0B:C8:B0:67,-43
3K015,00:12:44:B9:1C:D1,-57
3K015,00:12:44:B9:1C:D4,-57
3K015,00:12:44:B9:1C:D7,-57
3K015,00:15:C7:AA:D5:31,-73
3K015,00:15:C7:AA:D5:34,-73
3K015,00:15:C7:AA:D5:37,-73
3K015,00:15:C7:AA:E3:81,-64
3K015,00:15:C7:AA:E3:84,-64
3K015,00:15:C7:AA:E3:87,-64
3K015,00:15:C7:AB:04:21,-39
3K015,00:15:C7:AB:04:24,-40
3K015,00:15:C7:AB:04:27,-39
3K015,00:15:C7:AB:2D:E1,-76
3K015,00:15:C7:AB:2D:E4,-76
3K015,00:15:C7:AB:2D:E7,-76
3K015,00:16:9C:49:28:11,-78
3K015,00:16:9C:49:28:14,-78
3K015,00:16:9C:49:28:17,-78
3K015,00:26:0B:C8:B0:61,-68
3K015,00:26:0B:C8:B0:64,-68
3K015,00:26:0B:C8:B0:67,-68
3K016,00:12:44:B9:1C:D1,-58
3K016,00:12:44:B9:1C:D4,-58
3K016,00:12:44:B9:1C:D7,-58
3K016,00:15:C7:AA:D1:A4,-77
3K016,00:15:C7:AA:D5:31,-73
3K016,00:15:C7:AA:D5:34,-73
3K016,00:15:C7:AA:D5:37,-73
3K016,00:15:C7:AA:E3:81,-69
3K016,00:15:C7:AA:E3:84,-69
3K016,00:15:C7:AA:E3:87,-69
3K016,00:15:C7:AB:04:21,-49
3K016,00:15:C7:AB:04:24,-49
3K016,00:15:C7:AB:04:27,-49
3K016,00:15:C7:AB:2D:E1,-73
3K016,00:15:C7:AB:2D:E4,-73
3K016,00:15:C7:AB:2D:E7,-73
3K016,00:16:9C:49:28:11,-75
3K016,00:16:9C:49:28:14,-76
3K016,00:16:9C:49:28:17,-76
3K016,00:26:0B:C8:B0:61,-72
3K016,00:26:0B:C8:B0:64,-72
3K016,00:26:0B:C8:B0:67,-72
3K017,00:12:44:B9:1C:D1,-42
3K017,00:12:44:B9:1C:D4,-42
3K017,00:12:44:B9:1C:D7,-42
3K017,00:15:C7:AA:D1:A1,-80
3K017,00:15:C7:AA:D1:A4,-80
3K017,00:15:C7:AA:D1:A7,-80
3K017,00:15:C7:AA:D5:31,-79
3K017,00:15:C7:AA:D5:34,-78
3K017,00:15:C7:AA:D5:37,-79
3K017,00:15:C7:AA:E3:81,-78
3K017,00:15:C7:AA:E3:87,-78
3K017,00:15:C7:AB:04:21,-51
3K017,00:15:C7:AB:04:24,-51
3K017,00:15:C7:AB:04:27,-51
3K017,00:15:C7:AB:2D:E1,-65
3K017,00:15:C7:AB:2D:E4,-64
3K017,00:15:C7:AB:2D:E7,-64
3K017,00:16:9C:49:28:11,-72
3K017,00:16:9C:49:28:14,-73
3K017,00:16:9C:49:28:17,-73
3K017,00:26:0B:C8:B0:61,-79
3K017,00:26:0B:C8:B0:64,-78
3K017,00:26:0B:C8:B0:67,-79
3K018,00:12:44:B9:1C:D1,-66
3K018,00:12:44:B9:1C:D4,-66
3K018,00:12:44:B9:1C:D7,-65
3K018,00:15:C7:AA:D5:31,-81
3K018,00:15:C7:AA:D5:34,-81
3K018,00:15:C7:AA:D5:37,-81
3K018,00:15:C7:AA:E3:81,-77
3K018,00:15:C7:AA:E3:84,-76
3K018,00:15:C7:AA:E3:87,-76
3K018,00:15:C7:AB:04:21,-53
3K018,00:15:C7:AB:04:24,-53
3K018,00:15:C7:AB:04:27,-53
3K018,00:15:C7:AB:2D:E1,-79
3K018,00:15:C7:AB:2D:E4,-79
3K018,00:15:C7:AB:2D:E7,-79
3K018,00:16:9C:49:28:11,-78
3K018,00:16:9C:49:28:14,-78
3K018,00:16:9C:49:28:17,-79
3K018,00:26:0B:C8:B0:61,-71
3K018,00:26:0B:C8:B0:64,-71
3K019,00:12:44:B9:1C:D1,-38
3K019,00:12:44:B9:1C:D4,-38
3K019,00:12:44:B9:1C:D7,-38
3K019,00:15:C7:AA:D5:31,-77
3K019,00:15:C7:AA:D5:34,-77
3K019,00:15:C7:AA:D5:37,-77
3K019,00:15:C7:AB:04:21,-56
3K019,00:15:C7:AB:04:24,-56
3K019,00:15:C7:AB:04:27,-56
3K019,00:15:C7:AB:2D:E1,-61
3K019,00:15:C7:AB:2D:E4,-61
3K019,00:15:C7:AB:2D:E7,-61
3K019,00:16:9C:49:28:11,-75
3K019,00:16:9C:49:28:14,-76
3K019,00:16:9C:49:28:17,-75
3K019,00:26:0B:C8:B0:61,-77
3K019,00:26:0B:C8:B0:64,-77
3K019,00:26:0B:C8:B0:67,-77
3K020,00:12:44:B9:1C:D1,-49
3K020,00:12:44:B9:1C:D4,-49
3K020,00:12:44:B9:1C:D7,-49
3K020,00:15:C7:AB:04:21,-63
3K020,00:15:C7:AB:04:24,-63
3K020,00:15:C7:AB:04:27,-63
3K020,00:15:C7:AB:2D:E1,-72
3K020,00:15:C7:AB:2D:E4,-72
3K020,00:15:C7:AB:2D:E7,-72
3K020,00:16:9C:49:28:11,-77
3K020,00:16:9C:49:28:14,-77
3K020,00:16:9C:49:28:17,-77
3K020,00:26:0B:C8:B0:61,-77
3K020,00:26:0B:C8:B0:64,-77
3K020,00:26:0B:C8:B0:67,-78
3K021,00:12:44:B9:1C:D1,-63
3K021,00:12:44:B9:1C:D4,-63
3K021,00:12:44:B9:1C:D7,-63
3K021,00:15:C7:AA:D5:31,-67
3K021,00:15:C7:AA:D5:34,-67
3K021,00:15:C7:AA:D5:37,-68
3K021,00:15:C7:AA:E3:81,-72
3K021,00:15:C7:AA:E3:87,-72
3K021,00:15:C7:AB:04:21,-48
3K021,00:15:C7:AB:04:24,-48
3K021,00:15:C7:AB:04:27,-48
3K021,00:15:C7:AB:38:B1,-78
3K021,00:15:C7:AB:38:B4,-78
3K021,00:15:C7:AB:38:B7,-78
3K021,00:16:9C:49:28:11,-76
3K021,00:16:9C:49:28:14,-76
3K021,00:16:9C:49:28:17,-76
3K021,00:26:0B:C8:B0:61,-58
3K021,00:26:0B:C8:B0:64,-58
3K021,00:26:0B:C8:B0:67,-58
3K022,00:12:44:B9:1C:D1,-71
3K022,00:12:44:B9:1C:D4,-71
3K022,00:12:44:B9:1C:D7,-71
3K022,00:15:C7:AA:D5:31,-78
3K022,00:15:C7:AA:D5:34,-77
3K022,00:15:C7:AA:D5:37,-78
3K022,00:15:C7:AA:E3:81,-78
3K022,00:15:C7:AA:E3:84,-78
3K022,00:15:C7:AA:E3:87,-78
3K022,00:15:C7:AA:E7:B1,-63
3K022,00:15:C7:AA:E7:B4,-64
3K022,00:15:C7:AA:E7:B7,-64
3K022,00:15:C7:AB:04:21,-57
3K022,00:15:C7:AB:04:24,-56
3K022,00:15:C7:AB:04:27,-56
3K022,00:1C:0E:43:EB:11,-76
3K022,00:1C:0E:43:EB:14,-76
3K022,00:1C:0E:43:EB:17,-76
3K022,00:26:0B:C8:B0:61,-50
3K022,00:26:0B:C8:B0:64,-50
3K022,00:26:0B:C8:B0:67,-50
3K023,00:12:44:B9:1C:D1,-61
3K023,00:12:44:B9:1C:D4,-61
3K023,00:12:44:B9:1C:D7,-61
3K023,00:15:C7:AA:D5:31,-79
3K023,00:15:C7:AA:D5:34,-79
3K023,00:15:C7:AA:D5:37,-79
3K023,00:15:C7:AA:E3:81,-75
3K023,00:15:C7:AA:E3:84,-75
3K023,00:15:C7:AA:E3:87,-75
3K023,00:15:C7:AA:E7:B1,-62
3K023,00:15:C7:AA:E7:B4,-62
3K023,00:15:C7:AA:E7:B7,-62
3K023,00:15:C7:AB:04:21,-52
3K023,00:15:C7:AB:04:24,-52
3K023,00:15:C7:AB:04:27,-53
3K023,00:15:C7:AB:2D:E1,-79
3K023,00:16:9C:49:28:11,-78
3K023,00:16:9C:49:28:14,-78
3K023,00:16:9C:49:28:17,-78
3K023,00:26:0B:C8:B0:61,-50
3K023,00:26:0B:C8:B0:64,-49
3K023,00:26:0B:C8:B0:67,-50
3K024,00:12:44:B9:1C:D1,-57
3K024,00:12:44:B9:1C:D4,-57
3K024,00:12:44:B9:1C:D7,-57
3K024,00:15:C7:AA:E3:81,-79
3K024,00:15:C7:AA:E3:84,-79
3K024,00:15:C7:AA:E3:87,-79
3K024,00:15:C7:AA:E7:B1,-68
3K024,00:15:C7:AA:E7:B4,-68
3K024,00:15:C7:AA:E7:B7,-68
3K024,00:15:C7:AB:04:21,-52
3K024,00:15:C7:AB:04:24,-53
3K024,00:15:C7:AB:04:27,-53
3K024,00:15:C7:AB:2D:E1,-78
3K024,00:15:C7:AB:2D:E4,-78
3K024,00:15:C7:AB:2D:E7,-78
3K024,00:26:0B:C8:B0:61,-52
3K024,00:26:0B:C8:B0:64,-52
3K024,00:26:0B:C8:B0:67,-52
3K025,00:12:44:B9:1C:D1,-53
3K025,00:12:44:B9:1C:D4,-53
3K025,00:12:44:B9:1C:D7,-55
3K025,00:15:C7:AA:E7:B1,-68
3K025,00:15:C7:AA:E7:B4,-68
3K025,00:15:C7:AA:E7:B7,-68
3K025,00:15:C7:AB:04:21,-66
3K025,00:15:C7:AB:04:24,-66
3K025,00:15:C7:AB:04:27,-66
3K025,00:15:C7:AB:2D:E1,-75
3K025,00:15:C7:AB:2D:E4,-74
3K025,00:15:C7:AB:2D:E7,-75
3K025,00:26:0B:C8:B0:61,-58
3K025,00:26:0B:C8:B0:64,-60
3K026,00:12:44:B9:1C:D1,-52
3K026,00:12:44:B9:1C:D4,-52
3K026,00:12:44:B9:1C:D7,-52
3K026,00:15:C7:AA:E7:B1,-69
3K026,00:15:C7:AA:E7:B4,-69
3K026,00:15:C7:AA:E7:B7,-69
3K026,00:15:C7:AB:04:21,-71
3K026,00:15:C7:AB:04:24,-71
3K026,00:15:C7:AB:04:27,-71
3K026,00:15:C7:AB:2D:E1,-73
3K026,00:15:C7:AB:2D:E4,-73
3K026,00:15:C7:AB:2D:E7,-73
3K026,00:26:0B:C8:B0:61,-57
3K026,00:26:0B:C8:B0:64,-58
3K026,00:26:0B:C8:B0:67,-57
3K027,00:12:44:B9:1C:D1,-58
3K027,00:12:44:B9:1C:D4,-58
3K027,00:12:44:B9:1C:D7,-59
3K027,00:15:C7:AA:E7:B1,-73
3K027,00:15:C7:AA:E7:B4,-73
3K027,00:15:C7:AA:E7:B7,-72
3K027,00:15:C7:AB:04:21,-71
3K027,00:15:C7:AB:04:24,-71
3K027,00:15:C7:AB:04:27,-71
3K027,00:15:C7:AB:2D:E1,-79
3K027,00:15:C7:AB:2D:E4,-78
3K027,00:15:C7:AB:2D:E7,-79
3K027,00:26:0B:C8:B0:61,-61
3K027,00:26:0B:C8:B0:67,-61
3K027,08:17:35:C6:F4:00,-81
3K027,08:17:35:C6:F4:01,-80
3K027,08:17:35:C6:F4:02,-80
3K028,00:12:44:B9:1C:D1,-59
3K028,00:12:44:B9:1C:D4,-58
3K028,00:12:44:B9:1C:D7,-59
3K028,00:15:C7:AA:D5:31,-80
3K028,00:15:C7:AA:D5:34,-80
3K028,00:15:C7:AA:D5:37,-80
3K028,00:15:C7:AA:E7:B4,-82
3K028,00:15:C7:AA:E7:B7,-83
3K028,00:15:C7:AB:04:21,-72
3K028,00:15:C7:AB:04:24,-72
3K028,00:15:C7:AB:04:27,-71
3K028,00:15:C7:AB:06:01,-83
3K028,00:15:C7:AB:06:04,-83
3K028,00:15:C7:AB:06:07,-83
3K028,00:15:C7:AB:2D:E1,-79
3K028,00:15:C7:AB:2D:E4,-79
3K028,00:15:C7:AB:2D:E7,-79
3K028,00:16:9C:49:28:11,-75
3K028,00:16:9C:49:28:14,-75
3K028,00:16:9C:49:28:17,-75
3K028,00:26:0B:C8:B0:61,-75
3K028,00:26:0B:C8:B0:64,-75
3K028,00:26:0B:C8:B0:67,-74
3K028,08:1F:F3:E1:98:F1,-82
3K029,00:12:44:B9:1C:D1,-65
3K029,00:12:44:B9:1C:D4,-65
3K029,00:12:44:B9:1C:D7,-65
3K029,00:15:C7:AA:D1:A1,-76
3K029,00:15:C7:AA:D1:A4,-76
3K029,00:15:C7:AA:D1:A7,-76
3K029,00:15:C7:AA:D5:31,-72
3K029,00:15:C7:AA:D5:34,-72
3K029,00:15:C7:AA:D5:37,-72
3K029,00:15:C7:AA:D6:64,-80
3K029,00:15:C7:AA:D6:67,-80
3K029,00:15:C7:AB:04:21,-72
3K029,00:15:C7:AB:04:24,-72
3K029,00:15:C7:AB:04:27,-72
3K029,00:15:C7:AB:2D:E1,-79
3K029,00:15:C7:AB:2D:E4,-79
3K029,00:15:C7:AB:2D:E7,-79
3K029,00:15:C7:AB:38:B1,-82
3K029,00:15:C7:AB:38:B4,-82
3K029,00:15:C7:AB:38:B7,-82
3K029,00:16:9C:49:28:11,-71
3K029,00:16:9C:49:28:14,-70
3K029,00:16:9C:49:28:17,-71
3K031,00:12:44:B9:1C:D1,-76
3K031,00:12:44:B9:1C:D4,-75
3K031,00:12:44:B9:1C:D7,-75
3K031,00:15:C7:AA:D5:31,-58
3K031,00:15:C7:AA:D5:34,-58
3K031,00:15:C7:AA:D5:37,-58
3K031,00:15:C7:AB:04:21,-65
3K031,00:15:C7:AB:04:24,-65
3K031,00:15:C7:AB:04:27,-65
3K031,00:16:9C:49:28:11,-58
3K031,00:16:9C:49:28:14,-58
3K031,00:16:9C:49:28:17,-58
3K031,00:1C:0E:43:EB:11,-75
3K031,00:1C:0E:43:EB:14,-73
3K031,00:1C:0E:43:EB:17,-75
3K031,00:26:0B:C8:B0:61,-46
3K031,00:26:0B:C8:B0:64,-46
3K031,00:26:0B:C8:B0:67,-46
