00:15:C7:AA:D1:A1,1
00:15:C7:AA:D1:A4,2
00:15:C7:AA:D1:A7,3
00:15:C7:AA:D6:61,4
00:15:C7:AA:D6:64,5
00:15:C7:AA:D6:67,6
00:15:C7:AB:06:01,7
00:15:C7:AB:06:04,8
00:15:C7:AB:06:07,9
00:15:C7:AB:5A:87,10
00:16:9C:48:EF:E1,11
00:16:9C:48:EF:E4,12
00:16:9C:48:EF:E7,13
00:16:9C:49:28:11,14
00:16:9C:49:28:14,15
00:16:9C:49:28:17,16
00:19:07:8E:36:61,17
00:19:07:8E:36:64,18
00:19:07:8E:36:67,19
9C:4E:20:C9:43:51,20
9C:4E:20:C9:43:54,21
9C:4E:20:C9:43:57,22
00:12:44:B9:1C:D1,23
00:12:44:B9:1C:D4,24
00:12:44:B9:1C:D7,25
00:15:C7:AB:2D:E1,26
00:15:C7:AB:2D:E4,27
00:15:C7:AB:2D:E7,28
00:15:C7:AA:D5:31,29
00:15:C7:AA:D5:34,30
00:15:C7:AA:D5:37,31
00:15:C7:AA:E3:81,32
00:15:C7:AA:E3:84,33
00:15:C7:AA:E3:87,34
00:15:C7:AB:04:21,35
00:15:C7:AB:04:24,36
00:15:C7:AB:04:27,37
00:15:C7:AB:06:C1,38
00:15:C7:AB:06:C4,39
00:15:C7:AB:06:C7,40
00:15:C7:AB:38:B4,41
00:15:C7:AB:38:B7,42
08:17:35:C6:F4:01,43
08:17:35:C6:F4:04,44
08:17:35:C6:F4:07,45
08:1F:F3:B3:EB:41,46
08:1F:F3:B3:EB:44,47
08:1F:F3:B3:EB:47,48
08:1F:F3:E1:98:F1,49
08:1F:F3:E1:98:F4,50
08:1F:F3:E1:98:F7,51
B4:A4:E3:CA:98:84,52
B4:A4:E3:CA:98:87,53
00:15:C7:AB:38:B1,54
00:1C:0E:43:EB:11,55
00:1C:0E:43:EB:14,56
00:19:A9:43:1C:D1,57
00:19:A9:43:1C:D7,58
00:1C:0E:43:EB:17,59
00:19:A9:43:1C:D4,60
00:15:C7:AB:90:F1,61
00:15:C7:AB:90:F4,62
00:15:C7:AB:90:F7,63
00:16:9C:48:F1:01,64
00:16:9C:48:F1:04,65
00:16:9C:48:F1:07,66
00:26:0B:C8:B0:61,67
00:26:0B:C8:B0:64,68
00:26:0B:C8:B0:67,69
00:15:C7:AB:8F:D1,70
00:15:C7:AB:8F:D4,71
00:15:C7:AB:8F:D7,72
00:15:C7:AA:E7:B1,73
00:15:C7:AA:E7:B4,74
00:15:C7:AA:E7:B7,75
00:15:C7:AB:5B:31,76
00:15:C7:AB:5B:37,77
00:1F:CA:51:54:01,78
00:1F:CA:51:54:04,79
00:1F:CA:51:54:07,80
08:1F:F3:B3:EB:54,81
08:1F:F3:B3:EB:51,82
08:1F:F3:B3:EB:57,83
00:16:9D:E1:55:F0,84
00:12:44:B8:B1:A1,85
00:12:44:B8:B1:A4,86
00:12:44:B8:B1:A7,87
00:16:9D:E1:55:F2,88
08:17:35:C6:F4:00,89
08:17:35:C6:F4:02,90
