2K001,00:15:C7:AA:D1:A1,-44
2K001,00:15:C7:AA:D1:A4,-44
2K001,00:15:C7:AA:D1:A7,-43
2K001,00:15:C7:AA:D6:61,-53
2K001,00:15:C7:AA:D6:64,-53
2K001,00:15:C7:AA:D6:67,-53
2K001,00:16:9C:48:EF:E4,-52
2K001,00:16:9C:48:EF:E7,-52
2K001,00:16:9C:49:28:11,-53
2K001,00:16:9C:49:28:14,-52
2K001,00:16:9C:49:28:17,-53
2K001,00:19:07:8E:36:61,-55
2K001,00:19:07:8E:36:64,-56
2K001,00:19:07:8E:36:67,-55
2K001,9C:4E:20:C9:43:54,-59
2K001,9C:4E:20:C9:43:57,-59
2K002,00:15:C7:AA:D1:A1,-38
2K002,00:15:C7:AA:D1:A4,-38
2K002,00:15:C7:AA:D1:A7,-38
2K002,00:15:C7:AA:D6:61,-52
2K002,00:15:C7:AA:D6:64,-51
2K002,00:15:C7:AA:D6:67,-51
2K002,00:16:9C:48:EF:E1,-55
2K002,00:16:9C:48:EF:E4,-55
2K002,00:16:9C:48:EF:E7,-55
2K002,00:16:9C:49:28:11,-44
2K002,00:16:9C:49:28:14,-44
2K002,00:16:9C:49:28:17,-44
2K002,9C:4E:20:C9:43:51,-51
2K002,9C:4E:20:C9:43:54,-51
2K002,9C:4E:20:C9:43:57,-51
2K003,00:15:C7:AA:D1:A1,-34
2K003,00:15:C7:AA:D1:A4,-33
2K003,00:15:C7:AA:D1:A7,-34
2K003,00:15:C7:AA:D6:61,-54
2K003,00:15:C7:AA:D6:64,-54
2K003,00:15:C7:AA:D6:67,-54
2K003,00:16:9C:48:EF:E1,-54
2K003,00:16:9C:48:EF:E4,-54
2K003,00:16:9C:48:EF:E7,-54
2K003,00:16:9C:49:28:11,-45
2K003,00:16:9C:49:28:14,-46
2K003,00:16:9C:49:28:17,-45
2K004,00:12:44:B9:1C:D1,-53
2K004,00:12:44:B9:1C:D4,-53
2K004,00:12:44:B9:1C:D7,-53
2K004,00:15:C7:AA:D1:A1,-41
2K004,00:15:C7:AA:D1:A4,-41
2K004,00:15:C7:AA:D1:A7,-41
2K004,00:15:C7:AA:D5:31,-55
2K004,00:15:C7:AA:D5:34,-55
2K004,00:15:C7:AA:D5:37,-55
2K004,00:15:C7:AA:D6:61,-54
2K004,00:15:C7:AA:D6:64,-54
2K004,00:15:C7:AA:D6:67,-54
2K004,00:15:C7:AA:E3:81,-44
2K004,00:15:C7:AA:E3:84,-44
2K004,00:15:C7:AA:E3:87,-44
2K004,00:15:C7:AB:04:21,-49
2K004,00:15:C7:AB:04:24,-49
2K004,00:15:C7:AB:06:C1,-52
2K004,00:15:C7:AB:06:C4,-51
2K004,00:15:C7:AB:06:C7,-52
2K004,00:15:C7:AB:2D:E1,-51
2K004,00:15:C7:AB:2D:E4,-51
2K004,00:15:C7:AB:2D:E7,-51
2K004,00:15:C7:AB:38:B4,-56
2K004,00:15:C7:AB:38:B7,-55
2K004,00:16:9C:48:EF:E1,-58
2K004,00:16:9C:48:EF:E4,-57
2K004,00:16:9C:48:EF:E7,-58
2K004,00:16:9C:49:28:11,-48
2K004,00:16:9C:49:28:14,-49
2K004,00:16:9C:49:28:17,-48
2K004,08:1F:F3:B3:EB:41,-56
2K004,08:1F:F3:B3:EB:44,-56
2K004,08:1F:F3:B3:EB:47,-56
2K005,00:15:C7:AA:D1:A1,-18
2K005,00:15:C7:AA:D1:A4,-18
2K005,00:15:C7:AA:D1:A7,-17
2K005,00:15:C7:AA:D6:61,-38
2K005,00:15:C7:AA:D6:64,-38
2K005,00:15:C7:AA:D6:67,-38
2K005,00:16:9C:49:28:11,-40
2K005,00:16:9C:49:28:14,-40
2K005,00:16:9C:49:28:17,-40
2K006,00:15:C7:AA:D1:A1,-35
2K006,00:15:C7:AA:D1:A4,-35
2K006,00:15:C7:AA:D1:A7,-35
2K006,00:15:C7:AA:D5:34,-55
2K006,00:15:C7:AA:D5:37,-55
2K006,00:15:C7:AA:D6:61,-41
2K006,00:15:C7:AA:D6:64,-40
2K006,00:15:C7:AA:D6:67,-40
2K006,00:16:9C:49:28:11,-40
2K006,00:16:9C:49:28:14,-40
2K006,00:16:9C:49:28:17,-40
2K006,9C:4E:20:C9:43:51,-50
2K006,9C:4E:20:C9:43:54,-50
2K006,9C:4E:20:C9:43:57,-50
2K007,00:15:C7:AA:D1:A1,-41
2K007,00:15:C7:AA:D1:A4,-41
2K007,00:15:C7:AA:D1:A7,-41
2K007,00:15:C7:AA:D5:31,-52
2K007,00:15:C7:AA:D5:34,-51
2K007,00:15:C7:AA:D5:37,-51
2K007,00:15:C7:AA:D6:61,-35
2K007,00:15:C7:AA:D6:64,-35
2K007,00:15:C7:AA:D6:67,-36
2K007,00:16:9C:49:28:11,-45
2K007,00:16:9C:49:28:14,-45
2K007,00:16:9C:49:28:17,-45
2K007,9C:4E:20:C9:43:51,-52
2K007,9C:4E:20:C9:43:54,-53
2K007,9C:4E:20:C9:43:57,-51
2K008,00:15:C7:AA:D1:A1,-36
2K008,00:15:C7:AA:D1:A4,-36
2K008,00:15:C7:AA:D1:A7,-36
2K008,00:15:C7:AA:D5:31,-47
2K008,00:15:C7:AA:D5:34,-46
2K008,00:15:C7:AA:D5:37,-47
2K008,00:15:C7:AA:D6:61,-29
2K008,00:15:C7:AA:D6:64,-29
2K008,00:15:C7:AA:D6:67,-29
2K008,00:15:C7:AA:E3:81,-53
2K008,00:15:C7:AA:E3:84,-53
2K008,00:15:C7:AA:E3:87,-53
2K008,00:16:9C:49:28:11,-48
2K008,00:16:9C:49:28:14,-48
2K008,00:16:9C:49:28:17,-48
2K009,00:15:C7:AA:D1:A1,-39
2K009,00:15:C7:AA:D1:A4,-39
2K009,00:15:C7:AA:D1:A7,-39
2K009,00:15:C7:AA:D5:31,-45
2K009,00:15:C7:AA:D5:34,-45
2K009,00:15:C7:AA:D5:37,-45
2K009,00:15:C7:AA:D6:61,-24
2K009,00:15:C7:AA:D6:64,-25
2K009,00:15:C7:AA:D6:67,-24
2K010,00:15:C7:AA:D1:A1,-38
2K010,00:15:C7:AA:D1:A4,-39
2K010,00:15:C7:AA:D1:A7,-39
2K010,00:15:C7:AA:D5:31,-48
2K010,00:15:C7:AA:D5:34,-48
2K010,00:15:C7:AA:D5:37,-48
2K010,00:15:C7:AA:D6:61,-34
2K010,00:15:C7:AA:D6:64,-35
2K010,00:15:C7:AA:D6:67,-35
2K010,00:15:C7:AA:E3:81,-48
2K010,00:15:C7:AA:E3:84,-48
2K010,00:15:C7:AA:E3:87,-48
2K010,00:15:C7:AB:2D:E1,-58
2K010,00:15:C7:AB:2D:E4,-58
2K010,00:15:C7:AB:2D:E7,-58
2K010,00:15:C7:AB:38:B1,-46
2K010,00:15:C7:AB:38:B4,-46
2K010,00:15:C7:AB:38:B7,-45
2K010,00:16:9C:49:28:11,-54
2K010,00:16:9C:49:28:14,-56
2K010,00:16:9C:49:28:17,-55
2K010,00:1C:0E:43:EB:11,-51
2K010,00:1C:0E:43:EB:14,-51
2K010,00:1C:0E:43:EB:17,-51
2K011,00:15:C7:AA:D1:A1,-56
2K011,00:15:C7:AA:D1:A4,-56
2K011,00:15:C7:AA:D5:31,-51
2K011,00:15:C7:AA:D5:34,-50
2K011,00:15:C7:AA:D5:37,-51
2K011,00:15:C7:AA:D6:61,-40
2K011,00:15:C7:AA:D6:64,-39
2K011,00:15:C7:AA:D6:67,-39
2K011,00:15:C7:AA:E3:81,-49
2K011,00:15:C7:AA:E3:84,-49
2K011,00:15:C7:AA:E3:87,-49
2K011,00:15:C7:AB:38:B1,-45
2K011,00:15:C7:AB:38:B7,-45
2K011,00:1C:0E:43:EB:11,-56
2K011,00:1C:0E:43:EB:14,-56
2K011,00:1C:0E:43:EB:17,-56
2K030,00:12:44:B9:1C:D1,-53
2K030,00:12:44:B9:1C:D4,-53
2K030,00:12:44:B9:1C:D7,-53
2K030,00:15:C7:AA:D1:A1,-55
2K030,00:15:C7:AA:D1:A4,-55
2K030,00:15:C7:AA:D1:A7,-56
2K030,00:15:C7:AA:D5:31,-53
2K030,00:15:C7:AA:D5:34,-53
2K030,00:15:C7:AA:D5:37,-53
2K030,00:15:C7:AA:D6:61,-48
2K030,00:15:C7:AA:D6:64,-48
2K030,00:15:C7:AA:D6:67,-48
2K030,00:15:C7:AA:E3:81,-42
2K030,00:15:C7:AA:E3:84,-42
2K030,00:15:C7:AA:E3:87,-43
2K030,00:15:C7:AB:04:21,-50
2K030,00:15:C7:AB:04:24,-50
2K030,00:15:C7:AB:04:27,-50
2K030,00:15:C7:AB:06:C1,-55
2K030,00:15:C7:AB:06:C7,-55
2K030,00:15:C7:AB:2D:E1,-55
2K030,00:15:C7:AB:2D:E7,-55
2K030,00:15:C7:AB:38:B1,-51
2K030,00:15:C7:AB:38:B4,-50
2K030,00:15:C7:AB:38:B7,-51
2K030,00:16:9C:49:28:11,-52
2K030,00:16:9C:49:28:14,-52
2K030,00:16:9C:49:28:17,-52
3K001,00:15:C7:AA:D5:31,-55
3K001,00:15:C7:AA:D5:34,-56
3K001,00:15:C7:AA:D5:37,-55
3K001,00:15:C7:AB:06:01,-49
3K001,00:15:C7:AB:06:04,-48
3K001,00:15:C7:AB:06:07,-48
3K001,00:15:C7:AB:90:F4,-56
3K001,00:16:9C:49:28:11,-38
3K001,00:16:9C:49:28:14,-38
3K001,00:16:9C:49:28:17,-38
3K002,00:15:C7:AA:D1:A1,-53
3K002,00:15:C7:AA:D1:A4,-53
3K002,00:15:C7:AA:D1:A7,-53
3K002,00:15:C7:AA:D5:34,-54
3K002,00:15:C7:AA:D5:37,-54
3K002,00:15:C7:AB:06:01,-51
3K002,00:15:C7:AB:06:04,-51
3K002,00:15:C7:AB:06:07,-51
3K002,00:16:9C:49:28:11,-29
3K002,00:16:9C:49:28:14,-29
3K002,00:16:9C:49:28:17,-29
3K003,00:15:C7:AA:D1:A1,-52
3K003,00:15:C7:AA:D1:A4,-51
3K003,00:15:C7:AA:D1:A7,-52
3K003,00:15:C7:AA:D5:31,-51
3K003,00:15:C7:AA:D5:34,-51
3K003,00:15:C7:AA:D5:37,-51
3K003,00:15:C7:AB:06:04,-53
3K003,00:15:C7:AB:06:07,-53
3K003,00:16:9C:49:28:11,-32
3K003,00:16:9C:49:28:14,-32
3K003,00:16:9C:49:28:17,-33
3K004,00:12:44:B9:1C:D1,-53
3K004,00:12:44:B9:1C:D4,-53
3K004,00:12:44:B9:1C:D7,-53
3K004,00:15:C7:AA:D1:A1,-56
3K004,00:15:C7:AA:D1:A4,-56
3K004,00:15:C7:AA:D1:A7,-56
3K004,00:15:C7:AA:D5:31,-51
3K004,00:15:C7:AA:D5:34,-51
3K004,00:15:C7:AA:D5:37,-51
3K004,00:15:C7:AA:D6:61,-57
3K004,00:15:C7:AA:D6:64,-57
3K004,00:15:C7:AA:E3:81,-52
3K004,00:15:C7:AA:E3:84,-53
3K004,00:15:C7:AA:E3:87,-52
3K004,00:15:C7:AB:04:21,-46
3K004,00:15:C7:AB:04:24,-46
3K004,00:15:C7:AB:04:27,-47
3K004,00:15:C7:AB:06:01,-57
3K004,00:15:C7:AB:06:04,-56
3K004,00:15:C7:AB:06:07,-56
3K004,00:15:C7:AB:06:C1,-57
3K004,00:15:C7:AB:06:C4,-57
3K004,00:15:C7:AB:2D:E1,-56
3K004,00:15:C7:AB:2D:E4,-55
3K004,00:15:C7:AB:2D:E7,-56
3K004,00:16:9C:49:28:11,-41
3K004,00:16:9C:49:28:14,-41
3K004,00:16:9C:49:28:17,-40
3K005,00:15:C7:AA:D1:A1,-41
3K005,00:15:C7:AA:D1:A4,-41
3K005,00:15:C7:AA:D1:A7,-41
3K005,00:15:C7:AA:D5:31,-42
3K005,00:15:C7:AA:D5:34,-43
3K005,00:15:C7:AA:D5:37,-42
3K005,00:16:9C:49:28:11,-22
3K005,00:16:9C:49:28:14,-22
3K005,00:16:9C:49:28:17,-22
3K005,00:26:0B:C8:B0:61,-51
3K005,00:26:0B:C8:B0:67,-51
3K006,00:15:C7:AA:D5:31,-42
3K006,00:15:C7:AA:D5:34,-41
3K006,00:15:C7:AA:D5:37,-41
3K006,00:16:9C:49:28:11,-21
3K006,00:16:9C:49:28:14,-21
3K006,00:16:9C:49:28:17,-21
3K007,00:15:C7:AA:D5:31,-29
3K007,00:15:C7:AA:D5:34,-29
3K007,00:15:C7:AA:D5:37,-29
3K007,00:15:C7:AA:D6:61,-53
3K007,00:15:C7:AA:D6:64,-53
3K007,00:15:C7:AA:D6:67,-53
3K007,00:15:C7:AB:04:21,-53
3K007,00:15:C7:AB:04:24,-53
3K007,00:15:C7:AB:04:27,-53
3K007,00:16:9C:49:28:11,-29
3K007,00:16:9C:49:28:14,-30
3K007,00:16:9C:49:28:17,-29
3K007,00:26:0B:C8:B0:61,-48
3K007,00:26:0B:C8:B0:64,-48
3K007,00:26:0B:C8:B0:67,-48
3K009,00:15:C7:AA:D5:31,-27
3K009,00:15:C7:AA:D5:34,-27
3K009,00:15:C7:AA:D5:37,-26
3K009,00:15:C7:AA:D6:61,-46
3K009,00:15:C7:AA:D6:64,-45
3K009,00:15:C7:AA:D6:67,-46
3K009,00:16:9C:49:28:11,-35
3K009,00:16:9C:49:28:14,-35
3K009,00:16:9C:49:28:17,-35
3K009,00:26:0B:C8:B0:61,-45
3K009,00:26:0B:C8:B0:64,-45
3K009,00:26:0B:C8:B0:67,-45
3K010,00:15:C7:AA:D5:31,-35
3K010,00:15:C7:AA:D5:34,-36
3K010,00:15:C7:AA:D5:37,-35
3K010,00:15:C7:AA:D6:61,-54
3K010,00:15:C7:AA:D6:64,-54
3K010,00:15:C7:AA:D6:67,-54
3K010,00:15:C7:AB:04:21,-46
3K010,00:15:C7:AB:04:24,-46
3K010,00:15:C7:AB:04:27,-47
3K010,00:16:9C:49:28:11,-47
3K010,00:16:9C:49:28:14,-47
3K010,00:16:9C:49:28:17,-48
3K010,00:26:0B:C8:B0:61,-40
3K010,00:26:0B:C8:B0:64,-39
3K010,00:26:0B:C8:B0:67,-40
3K011,00:12:44:B9:1C:D7,-57
3K011,00:15:C7:AA:D1:A1,-56
3K011,00:15:C7:AA:D1:A4,-57
3K011,00:15:C7:AA:D1:A7,-57
3K011,00:15:C7:AA:D5:31,-40
3K011,00:15:C7:AA:D5:34,-39
3K011,00:15:C7:AA:D5:37,-39
3K011,00:15:C7:AA:D6:61,-54
3K011,00:15:C7:AA:D6:64,-54
3K011,00:15:C7:AA:D6:67,-54
3K011,00:15:C7:AB:04:21,-49
3K011,00:15:C7:AB:04:24,-50
3K011,00:15:C7:AB:04:27,-49
3K011,00:16:9C:49:28:11,-50
3K011,00:16:9C:49:28:14,-50
3K011,00:16:9C:49:28:17,-51
3K011,00:26:0B:C8:B0:64,-48
3K011,00:26:0B:C8:B0:67,-49
3K012,00:12:44:B9:1C:D1,-53
3K012,00:12:44:B9:1C:D4,-52
3K012,00:12:44:B9:1C:D7,-53
3K012,00:15:C7:AA:D5:31,-42
3K012,00:15:C7:AA:D5:34,-41
3K012,00:15:C7:AA:D5:37,-41
3K012,00:15:C7:AA:D6:61,-57
3K012,00:15:C7:AB:04:21,-40
3K012,00:15:C7:AB:04:24,-41
3K012,00:15:C7:AB:04:27,-41
3K012,00:16:9C:49:28:11,-39
3K012,00:16:9C:49:28:14,-39
3K012,00:16:9C:49:28:17,-39
3K012,00:26:0B:C8:B0:61,-46
3K012,00:26:0B:C8:B0:64,-46
3K012,00:26:0B:C8:B0:67,-46
3K030,00:12:44:B9:1C:D1,-56
3K030,00:12:44:B9:1C:D4,-56
3K030,00:15:C7:AA:D1:A1,-56
3K030,00:15:C7:AA:D1:A4,-56
3K030,00:15:C7:AA:D1:A7,-56
3K030,00:15:C7:AA:D5:31,-41
3K030,00:15:C7:AA:D5:34,-40
3K030,00:15:C7:AA:D5:37,-41
3K030,00:15:C7:AA:E3:81,-57
3K030,00:15:C7:AA:E3:84,-56
3K030,00:15:C7:AA:E3:87,-56
3K030,00:15:C7:AB:04:21,-36
3K030,00:15:C7:AB:04:24,-36
3K030,00:15:C7:AB:04:27,-35
3K030,00:15:C7:AB:06:C1,-55
3K030,00:15:C7:AB:06:C4,-55
3K030,00:15:C7:AB:2D:E1,-54
3K030,00:15:C7:AB:2D:E4,-53
3K030,00:15:C7:AB:2D:E7,-54
3K030,00:16:9C:49:28:11,-50
3K030,00:16:9C:49:28:14,-51
3K030,00:16:9C:49:28:17,-50
